time,open,high,low,close,adj close,volume
2019-06-28,77.0,77.0,67.0,67.80000305175781,57.66151809692383,64367704
2019-07-01,68.05000305175781,74.37000274658203,68.05000305175781,71.0,60.38300323486328,16286773
2019-07-02,72.12000274658203,72.5,72.0,72.0,61.23347091674805,3565649
2019-07-03,73.0,73.0,72.02999877929688,72.0999984741211,61.318519592285156,6511595
2019-07-04,73.12000274658203,73.12000274658203,72.26000213623047,72.4000015258789,61.57365798950195,269558
2019-07-05,72.43000030517578,74.0,72.4000015258789,73.30000305175781,62.339073181152344,3240264
2019-07-08,73.30999755859375,73.9800033569336,72.5,72.91999816894531,62.015899658203125,4795152
2019-07-09,73.0,73.0,72.5,72.5,61.6587028503418,1505361
2019-07-10,72.55000305175781,72.94999694824219,72.0,72.0,61.23347091674805,3195083
2019-07-11,72.0999984741211,72.5,72.0,72.0,61.23347091674805,723072
2019-07-12,72.0,72.0,71.5,71.5,60.80824279785156,2414976
2019-07-15,71.94999694824219,72.0999984741211,71.55000305175781,71.55000305175781,60.850772857666016,258309
2019-07-16,71.5,71.9000015258789,71.5,71.69999694824219,60.97832489013672,544072
2019-07-17,71.55000305175781,71.80000305175781,70.75,70.80000305175781,60.212913513183594,1559200
2019-07-18,70.8499984741211,70.8499984741211,69.75,70.0,59.53253936767578,2009704
2019-07-19,70.75,70.94999694824219,69.9000015258789,70.44999694824219,59.91524887084961,201213
2019-07-22,70.25,70.69999694824219,69.75,70.19999694824219,59.7026252746582,825163
2019-07-23,69.8499984741211,69.9000015258789,69.30000305175781,69.5,59.10731506347656,2088489
2019-07-24,69.8499984741211,69.94999694824219,69.30000305175781,69.5,59.10731506347656,1497731
2019-07-25,69.5,69.5999984741211,68.8499984741211,69.5,59.10731506347656,824964
2019-07-26,70.69999694824219,70.94999694824219,68.5,68.5,58.25684356689453,1004050
2019-07-29,69.44999694824219,69.5,68.19999694824219,69.5,59.10731506347656,274267
2019-07-30,69.5,69.5,68.19999694824219,69.0,58.68207550048828,285799
2019-07-31,69.0,69.0,68.43000030517578,68.9000015258789,58.59703063964844,66584
2019-08-01,69.0,69.44999694824219,68.3499984741211,69.05000305175781,58.72460174560547,539334
2019-08-02,71.5,71.5,68.05000305175781,68.55000305175781,58.29936981201172,753783
2019-08-05,69.69999694824219,69.69999694824219,66.0,67.5,57.40637969970703,1779142
2019-08-06,68.0,68.0,66.5,67.0,56.981143951416016,295951
2019-08-07,67.0,67.75,67.0,67.0,56.981143951416016,507740
2019-08-08,68.0,68.0,67.05000305175781,67.5,57.40637969970703,1022027
2019-08-09,68.0,68.0,64.19999694824219,67.0,56.981143951416016,386796
2019-08-12,67.44999694824219,67.44999694824219,65.1500015258789,66.0999984741211,56.21572494506836,123280
2019-08-13,66.3499984741211,67.44999694824219,66.3499984741211,67.0,56.981143951416016,356805
2019-08-14,66.5,67.0,66.25,66.80000305175781,56.811058044433594,253223
2019-08-15,66.5,67.0,65.8499984741211,66.0,56.130680084228516,1351846
2019-08-16,67.05000305175781,67.05000305175781,63.45000076293945,66.0,56.130680084228516,907815
2019-08-19,69.5,69.5,65.80000305175781,67.0,56.981143951416016,502565
2019-08-20,66.05000305175781,68.55000305175781,66.05000305175781,67.5,57.40637969970703,1718000
2019-08-21,67.5,69.94999694824219,67.0,67.5,57.40637969970703,2466880
2019-08-22,67.0,71.1500015258789,67.0,67.8499984741211,57.70404815673828,995434
2019-08-23,67.69999694824219,68.0,66.25,67.94999694824219,57.789085388183594,1004693
2019-08-27,65.0,68.0999984741211,64.8499984741211,66.69999694824219,56.72600555419922,2164463
2019-08-28,68.0,68.3499984741211,66.69999694824219,67.75,57.61899185180664,712688
2019-08-29,66.80000305175781,68.0,66.80000305175781,67.75,57.61899185180664,1250859
2019-08-30,69.4000015258789,69.4000015258789,66.6500015258789,67.0,56.981143951416016,3685787
2019-09-02,68.0,68.0,66.05000305175781,67.8499984741211,57.70404815673828,263692
2019-09-03,68.0,69.94999694824219,66.05000305175781,67.0,56.981143951416016,4399338
2019-09-04,67.0,68.0,66.0,66.05000305175781,56.1732063293457,674773
2019-09-05,68.0,68.0,63.79999923706055,65.5999984741211,55.79049301147461,677085
2019-09-06,64.0,65.56999969482422,61.150001525878906,63.0,53.57928466796875,196686
2019-09-09,63.150001525878906,63.150001525878906,60.0,60.650001525878906,51.580692291259766,694140
2019-09-10,57.849998474121094,60.025001525878906,57.04999923706055,57.5,48.901729583740234,1028861
2019-09-11,58.0,59.4900016784668,55.0,55.79999923706055,47.4559440612793,2098293
2019-09-12,55.95000076293945,57.099998474121094,55.04999923706055,55.5,47.200801849365234,1172569
2019-09-13,54.5,57.20000076293945,54.04999923706055,55.0,46.775569915771484,469828
2019-09-16,55.5,57.0,53.150001525878906,55.20000076293945,46.94566345214844,1749072
2019-09-17,54.0,55.04999923706055,53.04999923706055,54.150001525878906,46.052677154541016,1161008
2019-09-18,57.349998474121094,58.04999923706055,54.0,56.95000076293945,48.43397521972656,2435143
2019-09-19,59.650001525878906,62.70000076293945,58.20000076293945,59.900001525878906,50.942848205566406,2157416
2019-09-20,62.45000076293945,63.04999923706055,59.0,59.0,50.177425384521484,94490455
2019-09-23,59.5,59.599998474121094,50.54999923706055,53.0,45.074642181396484,2779776
2019-09-24,54.5,56.25,52.0,53.5,45.49987030029297,2114635
2019-09-25,53.75,54.505001068115234,48.150001525878906,49.29999923706055,41.927921295166016,3061148
2019-09-26,47.0,50.61399841308594,47.0,50.0,42.52324295043945,1232997
2019-09-27,50.0,51.04999923706055,50.0,50.5,42.9484748840332,1810066
2019-09-30,60.0,60.0,50.79999923706055,50.79999923706055,43.203617095947266,679865
2019-10-01,48.459999084472656,51.349998474121094,47.7599983215332,48.7599983215332,41.46866989135742,402768
2019-10-02,48.599998474121094,49.52000045776367,48.459999084472656,48.79999923706055,41.502685546875,563362
2019-10-03,48.79999923706055,50.849998474121094,48.79999923706055,50.45000076293945,42.90595245361328,715561
2019-10-04,49.0,52.20000076293945,48.5,50.150001525878906,42.650821685791016,930289
2019-10-07,51.849998474121094,52.79999923706055,49.119998931884766,51.650001525878906,43.926513671875,373098
2019-10-08,49.20000076293945,51.45000076293945,49.0,49.84000015258789,42.38717269897461,496146
2019-10-09,52.20000076293945,52.29999923706055,49.7599983215332,50.95000076293945,43.3311882019043,415135
2019-10-10,51.20000076293945,53.650001525878906,51.150001525878906,52.75,44.862022399902344,883678
2019-10-11,51.5,54.20000076293945,51.5,53.5,45.49987030029297,1164543
2019-10-14,51.599998474121094,55.70000076293945,49.02000045776367,55.70000076293945,47.37089157104492,1940007
2019-10-15,55.5,58.849998474121094,53.22999954223633,56.0,47.626033782958984,1276426
2019-10-16,56.04999923706055,57.150001525878906,54.099998474121094,56.849998474121094,48.34893035888672,1387747
2019-10-17,57.54999923706055,59.900001525878906,53.75,58.599998474121094,49.837242126464844,1913742
2019-10-18,59.0,62.5,57.75,58.45000076293945,49.70967483520508,1403207
2019-10-21,61.20000076293945,61.20000076293945,55.650001525878906,57.5,48.901729583740234,1348233
2019-10-22,59.75,59.95000076293945,52.650001525878906,56.70000076293945,48.22135925292969,875375
2019-10-23,56.900001525878906,56.900001525878906,53.349998474121094,55.0,46.775569915771484,1017669
2019-10-24,56.54999923706055,56.625,54.29999923706055,56.0,47.626033782958984,819681
2019-10-25,56.099998474121094,62.0,56.099998474121094,60.5,51.453128814697266,1452436
2019-10-28,58.54999923706055,64.48899841308594,56.5,62.599998474121094,53.23910140991211,1406444
2019-10-29,62.5,64.16899871826172,60.79999923706055,62.54999923706055,53.19657516479492,927658
2019-10-30,64.1500015258789,67.7229995727539,60.5,64.19999694824219,54.59984588623047,3281328
2019-10-31,67.0999984741211,67.13999938964844,62.349998474121094,63.5,54.00452423095703,2035445
2019-11-01,66.5,66.5,63.29999923706055,64.75,55.067604064941406,774191
2019-11-04,67.75,67.75,61.16999816894531,66.44999694824219,56.513389587402344,1006242
2019-11-05,67.0,67.0,65.25,65.55000305175781,55.74797439575195,462990
2019-11-06,65.30000305175781,67.44999694824219,65.30000305175781,66.3499984741211,56.4283447265625,229093
2019-11-07,66.0,67.0790023803711,66.0,66.5999984741211,56.640960693359375,536947
2019-11-08,66.5999984741211,68.80000305175781,64.5,66.05000305175781,56.1732063293457,701482
2019-11-11,66.55000305175781,67.8499984741211,65.8499984741211,67.4000015258789,57.32133102416992,555553
2019-11-12,68.0,70.5,66.05000305175781,70.5,59.9577751159668,1132705
2019-11-13,66.9000015258789,71.44999694824219,66.05000305175781,70.5,59.9577751159668,1408396
2019-11-14,68.69999694824219,71.80999755859375,64.0999984741211,66.5999984741211,59.15834045410156,2398012
2019-11-15,69.5,69.6500015258789,64.94999694824219,67.94999694824219,60.35749053955078,1653523
2019-11-18,69.6500015258789,69.74600219726562,65.55000305175781,69.25,61.51223373413086,1053150
2019-11-19,69.94999694824219,69.94999694824219,66.44999694824219,69.0,61.29016876220703,2050048
2019-11-20,69.05000305175781,71.25,68.0999984741211,71.25,63.28876495361328,2414252
2019-11-21,72.0,72.0,67.0999984741211,69.8499984741211,62.045196533203125,1431946
2019-11-22,70.05000305175781,73.80999755859375,70.0,70.94999694824219,63.022274017333984,1621574
2019-11-25,71.0,73.55000305175781,70.75,72.6500015258789,64.53233337402344,2544612
2019-11-26,71.80000305175781,74.69999694824219,71.80000305175781,73.5999984741211,65.37617492675781,20449066
2019-11-27,75.6500015258789,76.4000015258789,72.54199981689453,74.44999694824219,66.1312026977539,2049985
2019-11-28,76.4000015258789,78.51699829101562,74.0,78.1500015258789,69.41777801513672,2190220
2019-11-29,80.30000305175781,81.55000305175781,77.80000305175781,78.8499984741211,70.03956604003906,1708374
2019-12-02,76.0,80.93099975585938,76.0,78.5,69.72867584228516,1852522
2019-12-03,77.30000305175781,79.44999694824219,76.0,78.75,69.95074462890625,4648422
2019-12-04,79.0,79.0,75.30400085449219,78.0,69.28453826904297,1804018
2019-12-05,78.69999694824219,80.55000305175781,77.55000305175781,78.0,69.28453826904297,4652909
2019-12-06,78.0,79.19999694824219,77.5,78.0,69.28453826904297,3120341
2019-12-09,80.30000305175781,80.3499984741211,77.0,77.0,68.39627838134766,2569454
2019-12-10,77.55000305175781,79.25,75.93499755859375,79.25,70.3948745727539,3654742
2019-12-11,79.25,80.8499984741211,76.30000305175781,78.94999694824219,70.12838745117188,3989241
2019-12-12,79.0,79.30000305175781,77.5,78.25,69.50659942626953,3516703
2019-12-13,78.9000015258789,82.44999694824219,77.44999694824219,81.25,72.17140197753906,8378936
2019-12-16,77.4000015258789,82.0,77.4000015258789,80.75,71.72726440429688,3034514
2019-12-17,78.3499984741211,81.0,77.94999694824219,78.6500015258789,69.86190795898438,2344795
2019-12-18,77.94999694824219,80.0999984741211,77.69999694824219,78.9000015258789,70.08397674560547,6011177
2019-12-19,76.55000305175781,79.5999984741211,75.30000305175781,78.44999694824219,69.68426513671875,1756980
2019-12-20,78.0,79.44999694824219,75.4000015258789,78.0,69.28453826904297,37119125
2019-12-23,78.19999694824219,81.94999694824219,76.9000015258789,77.05000305175781,68.44068908691406,761278
2019-12-24,76.94999694824219,79.572998046875,75.1500015258789,77.0,68.39627838134766,282898
2019-12-27,78.0,80.77300262451172,77.0,77.0,68.39627838134766,2974119
2019-12-30,77.0,77.5,75.05000305175781,75.8499984741211,67.37476348876953,1183607
2019-12-31,75.5,80.0,75.19999694824219,79.94999694824219,71.01665496826172,1428457
2020-01-02,76.44999694824219,80.6500015258789,76.44999694824219,78.80000305175781,69.99515533447266,1086111
2020-01-03,79.19999694824219,79.5,77.3499984741211,78.5,69.72867584228516,995180
2020-01-06,79.9000015258789,79.92400360107422,76.30000305175781,78.44999694824219,69.68426513671875,894623
2020-01-07,77.0,79.69999694824219,76.9000015258789,79.30000305175781,70.43928527832031,1073498
2020-01-08,78.55000305175781,78.69999694824219,77.19999694824219,77.75,69.0624771118164,814587
2020-01-09,78.0,78.0,72.71499633789062,77.5999984741211,68.92923736572266,763678
2020-01-10,76.80000305175781,78.8499984741211,75.6500015258789,75.6500015258789,67.1971206665039,643127
2020-01-13,77.0,78.73600006103516,74.0739974975586,75.0,66.6197509765625,962832
2020-01-14,75.0,75.92400360107422,74.8499984741211,74.8499984741211,66.48651123046875,1885496
2020-01-15,74.44999694824219,74.75,71.06199645996094,73.0,64.84321594238281,1462402
2020-01-16,72.44999694824219,73.92500305175781,66.55000305175781,68.8499984741211,61.156925201416016,4122517
2020-01-17,67.0999984741211,71.98100280761719,67.05699920654297,69.9000015258789,62.08961868286133,1588351
2020-01-20,73.6500015258789,73.6500015258789,68.9000015258789,70.0,62.17843246459961,889290
2020-01-21,70.0,71.75,69.69999694824219,70.80000305175781,62.8890495300293,945491
2020-01-22,69.25,73.5,69.25,72.9000015258789,64.75439453125,1626068
2020-01-23,73.0,73.77100372314453,71.30000305175781,71.5,63.51082992553711,510011
2020-01-24,70.05000305175781,73.69999694824219,69.83999633789062,73.0,64.84321594238281,512962
2020-01-27,71.94999694824219,73.0999984741211,69.92900085449219,71.0,63.06669235229492,931193
2020-01-28,70.9000015258789,73.94999694824219,68.69000244140625,71.80000305175781,63.77730178833008,1021767
2020-01-29,71.0,73.80000305175781,71.0,72.5999984741211,64.4879150390625,803522
2020-01-30,74.3499984741211,74.94999694824219,71.94999694824219,73.5999984741211,65.37617492675781,940165
2020-01-31,76.6500015258789,76.6500015258789,72.30000305175781,73.0,64.84321594238281,681671
2020-02-03,70.5,73.8499984741211,70.5,72.5999984741211,64.4879150390625,1477469
2020-02-04,70.75,75.0,70.2699966430664,74.0,65.73148345947266,602479
2020-02-05,70.75,74.5,70.75,73.5999984741211,65.37617492675781,641248
2020-02-06,74.9000015258789,74.94999694824219,72.1500015258789,74.44999694824219,66.1312026977539,523501
2020-02-07,75.0,75.19999694824219,72.5,75.19999694824219,66.79740905761719,977275
2020-02-10,71.6500015258789,75.9000015258789,71.6500015258789,73.5,65.28736114501953,855607
2020-02-11,74.0,75.8499984741211,72.05000305175781,73.94999694824219,65.68707275390625,771049
2020-02-12,76.0,76.4000015258789,73.0,75.19999694824219,66.79740905761719,1102327
2020-02-13,78.3499984741211,78.3499984741211,74.25,75.44999694824219,67.01945495605469,1066938
2020-02-14,77.9000015258789,77.94999694824219,73.94999694824219,75.0,66.6197509765625,913127
2020-02-17,77.94999694824219,77.94999694824219,73.4000015258789,75.4000015258789,66.97505187988281,729046
2020-02-18,77.9000015258789,77.9000015258789,73.3499984741211,74.94999694824219,66.57532501220703,942746
2020-02-19,76.0,76.0,72.8499984741211,74.5999984741211,66.26444244384766,734623
2020-02-20,76.0,76.4000015258789,72.0999984741211,74.0,65.73148345947266,879287
2020-02-21,74.25,75.1500015258789,73.0,73.3499984741211,65.15411376953125,1424092
2020-02-24,72.05000305175781,75.1500015258789,71.6500015258789,71.6500015258789,63.64407730102539,657220
2020-02-25,72.75,72.75,69.0,70.0,62.17843246459961,1280270
2020-02-26,72.25,73.94999694824219,68.05000305175781,69.0,61.29016876220703,1183009
2020-02-27,69.0,69.80000305175781,64.9749984741211,66.5,59.06951141357422,1456885
2020-02-28,63.849998474121094,67.6500015258789,60.564998626708984,64.8499984741211,57.60387420654297,2150743
2020-03-02,66.75,67.8499984741211,61.900001525878906,63.650001525878906,56.5379638671875,783451
2020-03-03,66.8499984741211,66.8499984741211,61.70000076293945,62.95000076293945,55.916175842285156,1218325
2020-03-04,64.9000015258789,67.80000305175781,62.25,64.0,56.848854064941406,973162
2020-03-05,65.75,65.75,61.150001525878906,62.25,55.29439163208008,1058580
2020-03-06,61.0,63.525001525878906,59.0,60.0,53.29580307006836,2175889
2020-03-09,62.0,62.0,54.0,55.0,48.8544807434082,840656
2020-03-10,57.45000076293945,57.45000076293945,51.75,53.400001525878906,47.433258056640625,1163737
2020-03-11,55.900001525878906,55.900001525878906,48.880001068115234,50.0,44.41315841674805,1792021
2020-03-12,47.619998931884766,47.779998779296875,37.347999572753906,38.68000030517578,34.35802459716797,1331177
2020-03-13,40.41999816894531,44.97999954223633,35.0,35.900001525878906,31.88865089416504,2630366
2020-03-16,35.900001525878906,39.02000045776367,27.739999771118164,29.239999771118164,25.972820281982422,3380603
2020-03-17,30.6200008392334,33.73500061035156,25.739999771118164,33.220001220703125,29.50811004638672,2191386
2020-03-18,32.040000915527344,32.81999969482422,27.479999542236328,27.799999237060547,24.6937198638916,5365583
2020-03-19,28.700000762939453,31.5,27.079999923706055,30.0,26.64790153503418,2185190
2020-03-20,31.31999969482422,38.2599983215332,30.979999542236328,38.2599983215332,33.98495101928711,3936685
2020-03-23,37.0,39.0,34.57699966430664,38.91999816894531,34.57120895385742,1732712
2020-03-24,39.0,48.119998931884766,39.0,47.20000076293945,41.92603302001953,1700178
2020-03-25,48.459999084472656,52.849998474121094,46.13999938964844,50.099998474121094,44.501991271972656,1552867
2020-03-26,51.54999923706055,52.650001525878906,47.560001373291016,52.650001525878906,46.767066955566406,1509058
2020-03-27,54.79999923706055,55.0,45.65999984741211,49.0,43.52490234375,2018259
2020-03-30,46.68000030517578,55.0,38.2599983215332,38.41999816894531,34.127079010009766,2017028
2020-03-31,40.2400016784668,55.0,38.68000030517578,41.119998931884766,36.525386810302734,1324799
2020-04-01,39.20000076293945,39.7400016784668,34.0,36.099998474121094,32.06630325317383,1450560
2020-04-02,36.599998474121094,39.5,33.70000076293945,39.0,34.642269134521484,694522
2020-04-03,37.29999923706055,40.7760009765625,34.46200180053711,38.900001525878906,34.553443908691406,924728
2020-04-06,40.75,44.5,37.54999923706055,41.04999923706055,36.46321105957031,847384
2020-04-07,42.04999923706055,44.209999084472656,40.349998474121094,40.349998474121094,35.8414192199707,1341985
2020-04-08,39.0,41.400001525878906,38.599998474121094,38.599998474121094,34.286964416503906,4090611
2020-04-09,40.400001525878906,43.900001525878906,39.20000076293945,43.04999923706055,38.2397346496582,1299026
2020-04-14,44.5,45.099998474121094,40.349998474121094,44.400001525878906,39.43889617919922,1593000
2020-04-15,44.5,44.5,35.505001068115234,37.75,33.53194046020508,1397043
2020-04-16,38.20000076293945,40.02299880981445,37.150001525878906,39.45000076293945,35.041988372802734,959885
2020-04-17,41.29999923706055,42.0,39.349998474121094,41.20000076293945,36.59645080566406,1843940
2020-04-20,41.0,41.95000076293945,37.150001525878906,37.150001525878906,32.998985290527344,598735
2020-04-21,37.400001525878906,40.54999923706055,35.83100128173828,36.0,31.977481842041016,811499
2020-04-22,37.0,39.900001525878906,37.0,38.75,34.420204162597656,1095408
2020-04-23,39.650001525878906,40.77899932861328,35.5,35.849998474121094,31.844240188598633,1205931
2020-04-24,36.95000076293945,40.95000076293945,35.5,37.75,33.53194046020508,1527209
2020-04-27,39.0,40.849998474121094,37.45000076293945,39.650001525878906,35.219642639160156,516796
2020-04-28,41.5,41.95000076293945,36.29999923706055,39.349998474121094,34.953155517578125,1123977
2020-04-29,40.5,40.849998474121094,38.150001525878906,39.95000076293945,35.48611831665039,722287
2020-04-30,41.0,41.0,38.49399948120117,40.20000076293945,35.70818328857422,808469
2020-05-01,41.0,42.70000076293945,36.8380012512207,41.5,36.86293029785156,656312
2020-05-04,41.0,41.45000076293945,37.25,38.79999923706055,34.46461868286133,587891
2020-05-05,37.150001525878906,41.0,37.12699890136719,39.0,34.642269134521484,329338
2020-05-06,38.099998474121094,40.20000076293945,38.099998474121094,39.54999923706055,35.13080978393555,3452930
2020-05-07,41.400001525878906,41.599998474121094,37.54999923706055,38.04999923706055,33.79841995239258,979106
2020-05-11,39.849998474121094,42.40399932861328,38.150001525878906,39.75,35.30846405029297,1601845
2020-05-12,40.95000076293945,42.95000076293945,39.5,40.0,35.5305290222168,1393320
2020-05-13,39.599998474121094,42.54999923706055,37.803001403808594,40.599998474121094,36.06349182128906,3646019
2020-05-14,39.45000076293945,41.54999923706055,38.0,39.150001525878906,34.77550506591797,2093597
2020-05-15,39.0,42.849998474121094,36.20000076293945,39.0,34.642269134521484,2961324
2020-05-18,40.95000076293945,40.95000076293945,35.70000076293945,36.349998474121094,32.28837203979492,3958069
2020-05-19,37.0,38.95000076293945,36.198001861572266,37.349998474121094,33.1766357421875,1436805
2020-05-20,36.400001525878906,38.849998474121094,36.349998474121094,37.150001525878906,32.998985290527344,1300998
2020-05-21,37.150001525878906,38.95000076293945,36.0,36.650001525878906,32.554847717285156,2008622
2020-05-22,36.0,37.75,34.39400100708008,36.70000076293945,32.599266052246094,2446708
2020-05-26,38.79999923706055,38.79999923706055,35.79999923706055,35.79999923706055,31.79982566833496,2911348
2020-05-27,36.0,38.04999923706055,34.20000076293945,35.0,31.089216232299805,3741323
2020-05-28,35.349998474121094,37.54999923706055,34.5,35.70000076293945,31.71099853515625,2786271
2020-05-29,35.29999923706055,36.650001525878906,33.5,34.0,30.20095443725586,18601024
2020-06-01,35.599998474121094,38.599998474121094,35.347999572753906,38.400001525878906,34.10931396484375,3165738
2020-06-02,38.849998474121094,44.349998474121094,37.95000076293945,44.349998474121094,39.39447784423828,4004874
2020-06-03,45.0,50.900001525878906,42.1879997253418,47.04999923706055,41.792789459228516,5001973
2020-06-04,47.0,49.0989990234375,46.95000076293945,48.5,43.080772399902344,2444440
2020-06-05,49.0,54.099998474121094,48.650001525878906,53.20000076293945,47.2556037902832,3954981
2020-06-08,52.70000076293945,61.5,52.02299880981445,56.0,49.74274444580078,3743902
2020-06-09,58.0,59.900001525878906,52.70000076293945,53.29999923706055,47.34443283081055,3094696
2020-06-10,51.79999923706055,56.400001525878906,51.68600082397461,54.900001525878906,48.76565933227539,1520113
2020-06-11,53.5,54.599998474121094,49.56100082397461,52.29999923706055,46.45616912841797,2203951
2020-06-12,50.79999923706055,56.900001525878906,49.5,56.29999923706055,50.00922393798828,2224741
2020-06-15,53.70000076293945,57.900001525878906,51.69499969482422,57.5,51.07514572143555,2245885
2020-06-16,59.0,61.900001525878906,57.0,61.0,54.18406295776367,2043675
2020-06-17,62.5,65.0,62.0,64.80000305175781,57.55946731567383,7883095
2020-06-18,64.80000305175781,65.0,62.70000076293945,63.20000076293945,56.138248443603516,2457835
2020-06-19,63.0,69.19999694824219,62.20000076293945,67.80000305175781,60.2242546081543,23987277
2020-06-22,64.5999984741211,68.40399932861328,63.20000076293945,67.0,59.51364517211914,4625668
2020-06-23,68.30000305175781,68.30000305175781,65.24400329589844,66.69999694824219,59.24715805053711,2244659
2020-06-24,65.4000015258789,66.5,62.900001525878906,64.0,56.848854064941406,1856710
2020-06-25,64.69999694824219,64.69999694824219,57.099998474121094,59.599998474121094,52.940486907958984,3320847
2020-06-26,57.900001525878906,62.900001525878906,57.70000076293945,60.79999923706055,54.00640869140625,2449746
2020-06-29,60.0,63.26100158691406,56.39699935913086,62.5,55.516456604003906,1776803
2020-06-30,63.0,63.0,60.70000076293945,62.5,55.516456604003906,1095925
2020-07-01,62.5,62.52799987792969,60.599998474121094,62.0,55.07232666015625,911609
2020-07-02,62.5,62.5,57.79999923706055,62.0,57.87261199951172,1073556
2020-07-03,61.0,62.53900146484375,60.099998474121094,62.5,58.33932876586914,1083110
2020-07-06,63.599998474121094,63.599998474121094,60.70000076293945,62.70000076293945,58.52601623535156,1029067
2020-07-07,61.70000076293945,63.400001525878906,60.79999923706055,60.79999923706055,56.75250244140625,576695
2020-07-08,60.20000076293945,62.5,60.20000076293945,60.29999923706055,56.28578186035156,662961
2020-07-09,61.70000076293945,61.79999923706055,58.40800094604492,59.79999923706055,55.819068908691406,1101847
2020-07-10,60.0,63.25,60.0,61.099998474121094,57.032527923583984,696419
2020-07-13,62.900001525878906,63.599998474121094,61.14899826049805,63.599998474121094,59.36609649658203,862266
2020-07-14,63.400001525878906,65.30000305175781,60.20000076293945,63.599998474121094,59.36609649658203,1016244
2020-07-15,63.70000076293945,64.69999694824219,61.29999923706055,61.5,57.40589904785156,730281
2020-07-16,61.5,63.400001525878906,60.900001525878906,62.20000076293945,58.05929946899414,468359
2020-07-17,60.0,62.400001525878906,60.0,61.400001525878906,57.31255340576172,505749
2020-07-20,63.0,63.0,60.599998474121094,62.5,58.33932876586914,321339
2020-07-21,63.29999923706055,64.30000305175781,60.79999923706055,63.400001525878906,59.17941665649414,891706
2020-07-22,63.0,63.70000076293945,60.599998474121094,62.20000076293945,58.05929946899414,643053
2020-07-23,61.400001525878906,64.01899719238281,61.400001525878906,64.0,59.73947525024414,1154121
2020-07-24,61.0,63.43000030517578,59.400001525878906,59.400001525878906,55.44569778442383,762013
2020-07-27,59.20000076293945,60.0,53.599998474121094,57.0,53.20547103881836,2315636
2020-07-28,60.900001525878906,60.900001525878906,54.5,56.0,52.272037506103516,1001069
2020-07-29,57.0,58.0,54.599998474121094,55.29999923706055,51.61863708496094,706260
2020-07-30,56.900001525878906,58.400001525878906,52.099998474121094,53.5,49.93846130371094,708745
2020-07-31,53.20000076293945,55.900001525878906,53.0,53.79999923706055,50.21849060058594,458015
2020-08-03,56.0,56.0,53.07600021362305,54.599998474121094,50.965232849121094,1024317
2020-08-04,54.0,57.29999923706055,54.0,56.900001525878906,53.112125396728516,778988
2020-08-05,57.0,57.5,54.5,55.900001525878906,52.1786994934082,1412440
2020-08-06,55.5,58.07400131225586,55.5,56.400001525878906,52.64541244506836,978683
2020-08-07,56.900001525878906,58.400001525878906,54.099998474121094,54.099998474121094,50.49851989746094,491654
2020-08-10,56.900001525878906,58.400001525878906,54.79999923706055,57.0,53.20547103881836,517491
2020-08-11,58.5,61.29999923706055,57.099998474121094,60.0,56.00575256347656,1077224
2020-08-12,58.0,61.400001525878906,57.79999923706055,60.0,56.00575256347656,799590
2020-08-13,58.79999923706055,61.5,57.5,59.900001525878906,55.91241455078125,506796
2020-08-14,59.79999923706055,61.5,58.099998474121094,60.70000076293945,56.659156799316406,849402
2020-08-17,60.0,61.29999923706055,58.70000076293945,59.5,55.53904342651367,951349
2020-08-18,58.70000076293945,60.599998474121094,58.099998474121094,58.20000076293945,54.325584411621094,468145
2020-08-19,58.79999923706055,60.29999923706055,58.0,58.5,54.605613708496094,689762
2020-08-20,58.0,59.900001525878906,56.27000045776367,56.900001525878906,53.112125396728516,1961031
2020-08-21,56.29999923706055,58.29999923706055,56.20000076293945,58.0,54.13889694213867,1157488
2020-08-24,58.0,58.29999923706055,56.5,57.099998474121094,53.29880905151367,898755
2020-08-25,57.400001525878906,57.900001525878906,55.099998474121094,56.0,52.272037506103516,993497
2020-08-26,56.0,57.599998474121094,55.0,56.5,52.73875427246094,838970
2020-08-27,54.599998474121094,57.5,54.599998474121094,56.29999923706055,52.552066802978516,437260
2020-08-28,56.5,57.79999923706055,56.20000076293945,57.0,53.20547103881836,508446
2020-09-01,59.599998474121094,61.5,58.20000076293945,59.70000076293945,55.72572708129883,3813677
2020-09-02,61.400001525878906,61.5,57.79999923706055,58.20000076293945,54.325584411621094,1315492
2020-09-03,59.0,62.5,58.400001525878906,58.400001525878906,54.51226806640625,1375484
2020-09-04,59.5,61.20000076293945,57.25600051879883,57.599998474121094,53.765525817871094,708574
2020-09-07,60.400001525878906,61.5,58.608001708984375,61.0,56.93918228149414,746899
2020-09-08,60.29999923706055,61.20000076293945,60.29999923706055,60.900001525878906,56.84584426879883,819176
2020-09-09,60.29999923706055,62.29999923706055,59.79999923706055,59.79999923706055,55.819068908691406,966857
2020-09-10,60.79999923706055,61.0,59.34299850463867,60.099998474121094,56.099098205566406,557776
2020-09-11,61.0,62.5,59.56999969482422,60.099998474121094,56.099098205566406,1258451
2020-09-14,61.0,61.90599822998047,59.099998474121094,61.0,56.93918228149414,991032
2020-09-15,61.0,61.0,60.29999923706055,61.0,56.93918228149414,1157065
2020-09-16,61.0,61.29999923706055,59.0,60.70000076293945,56.659156799316406,750655
2020-09-17,59.79999923706055,61.0,58.5,60.400001525878906,56.379127502441406,1209600
2020-09-18,62.400001525878906,67.0,60.29999923706055,66.0999984741211,61.699676513671875,3981937
2020-09-21,63.0,65.30000305175781,61.79999923706055,62.0,57.87261199951172,1755892
2020-09-22,61.29999923706055,65.0,59.0,61.099998474121094,57.032527923583984,1563584
2020-09-23,61.70000076293945,63.5,59.0,60.099998474121094,56.099098205566406,938445
2020-09-24,59.20000076293945,61.20000076293945,55.79999923706055,55.79999923706055,52.08535385131836,2002037
2020-09-25,61.20000076293945,61.20000076293945,56.5,57.0,53.20547103881836,1091174
2020-09-28,57.900001525878906,60.5,57.099998474121094,59.900001525878906,55.91241455078125,559616
2020-09-29,61.0,61.900001525878906,58.900001525878906,61.0,56.93918228149414,718213
2020-09-30,58.20000076293945,60.29999923706055,57.20000076293945,58.400001525878906,54.51226806640625,1090230
2020-10-01,60.400001525878906,60.70000076293945,57.400001525878906,58.400001525878906,54.51226806640625,581183
2020-10-02,58.20000076293945,59.29999923706055,57.29999923706055,58.70000076293945,54.792301177978516,646802
2020-10-05,59.20000076293945,62.900001525878906,58.5,62.599998474121094,58.43267059326172,1047501
2020-10-06,61.79999923706055,62.900001525878906,59.874000549316406,62.0,57.87261199951172,786102
2020-10-07,62.79999923706055,63.05099868774414,61.599998474121094,63.0,58.8060417175293,1074903
2020-10-08,62.599998474121094,63.323001861572266,60.96200180053711,62.900001525878906,58.712703704833984,1034499
2020-10-09,61.900001525878906,64.30000305175781,61.70000076293945,64.0,59.73947525024414,537201
2020-10-12,65.0,69.80000305175781,63.50899887084961,65.0,60.67290496826172,1787259
2020-10-13,65.19999694824219,66.9000015258789,63.32400131225586,64.30000305175781,60.01950454711914,610599
2020-10-14,65.19999694824219,65.80000305175781,63.0,65.0,60.67290496826172,326641
2020-10-15,67.0,67.0,62.70000076293945,65.30000305175781,60.95293045043945,755065
2020-10-16,67.0,67.0,63.34600067138672,65.5,61.13962173461914,604143
2020-10-19,66.80000305175781,67.80000305175781,64.0999984741211,65.19999694824219,60.85958480834961,481817
2020-10-20,64.0999984741211,66.30000305175781,63.5,64.69999694824219,60.39286804199219,546185
2020-10-21,65.0,65.0,63.29999923706055,64.69999694824219,60.39286804199219,519707
2020-10-22,66.30000305175781,66.9000015258789,63.900001525878906,64.80000305175781,60.4862174987793,652422
2020-10-23,62.5,65.0,58.15999984741211,64.0999984741211,59.83281326293945,2017688
2020-10-26,65.0,65.69999694824219,58.15999984741211,65.0,60.67290496826172,760518
2020-10-27,64.5999984741211,67.0,61.93899917602539,65.80000305175781,61.419647216796875,1172661
2020-10-28,65.5,65.5,62.0,63.5,59.27275848388672,1221798
2020-10-29,64.0999984741211,64.9000015258789,61.400001525878906,62.79999923706055,58.61935806274414,674423
2020-10-30,62.0,64.80000305175781,60.70000076293945,61.70000076293945,57.59258270263672,743639
2020-11-02,64.5999984741211,64.5999984741211,58.400001525878906,61.400001525878906,57.31255340576172,985430
2020-11-03,62.0,62.900001525878906,61.29399871826172,62.0,57.87261199951172,712147
2020-11-04,60.900001525878906,63.70000076293945,60.70000076293945,62.599998474121094,58.43267059326172,1054094
2020-11-05,63.0,65.80000305175781,63.0,64.5,60.2061882019043,1897507
2020-11-06,64.5,68.9000015258789,63.400001525878906,66.0,61.6063346862793,2130112
2020-11-09,66.9000015258789,68.0,65.4000015258789,67.69999694824219,63.19315719604492,2618553
2020-11-10,67.69999694824219,75.0,66.05000305175781,73.9000015258789,68.98042297363281,3279626
2020-11-11,74.4000015258789,79.69999694824219,73.93599700927734,79.30000305175781,74.02094268798828,3167950
2020-11-12,79.5999984741211,79.5999984741211,75.56500244140625,76.0,71.9662094116211,3008506
2020-11-13,74.9000015258789,78.30000305175781,74.80000305175781,74.80000305175781,70.82991027832031,1538490
2020-11-16,74.0,77.69999694824219,73.4000015258789,75.9000015258789,71.87152099609375,1428584
2020-11-17,77.0,78.0999984741211,74.69999694824219,78.0999984741211,73.95474243164062,1862843
2020-11-18,78.80000305175781,79.0,76.69999694824219,77.5,73.3865966796875,1681057
2020-11-19,76.9000015258789,78.4000015258789,76.69999694824219,77.0,72.91313934326172,1311788
2020-11-20,79.5,79.5,77.0999984741211,78.0,73.86005401611328,951671
2020-11-23,79.9000015258789,82.19999694824219,78.9000015258789,79.19999694824219,74.9963607788086,1951366
2020-11-24,80.0,82.19999694824219,79.74299621582031,81.30000305175781,76.98490905761719,2392724
2020-11-25,82.0,82.5,81.16999816894531,82.30000305175781,77.93183135986328,2362845
2020-11-26,82.0,83.33899688720703,79.4000015258789,82.19999694824219,77.8371353149414,1499502
2020-11-27,82.30000305175781,82.30000305175781,78.68099975585938,81.19999694824219,76.89021301269531,2469171
2020-11-30,80.0,80.0,77.19999694824219,80.0,75.75390625,26842680
2020-12-01,77.69999694824219,86.80000305175781,77.69999694824219,86.80000305175781,82.1929931640625,1812270
2020-12-02,87.0999984741211,89.0999984741211,81.5999984741211,84.4000015258789,79.92037200927734,2277293
2020-12-03,85.0,92.4000015258789,83.9000015258789,91.5999984741211,86.73822784423828,2368535
2020-12-04,90.0,96.0999984741211,89.45500183105469,96.0999984741211,90.99938201904297,2606501
2020-12-07,93.5,96.30000305175781,92.69999694824219,93.5,88.53738403320312,1550588
2020-12-08,95.0,95.5,92.9000015258789,93.9000015258789,88.91615295410156,2268206
2020-12-09,93.69999694824219,95.30000305175781,92.5,94.69999694824219,89.6736831665039,1287980
2020-12-10,95.0,95.0,91.4000015258789,93.4000015258789,88.44268035888672,1921694
2020-12-11,94.4000015258789,94.4000015258789,89.75299835205078,90.5,85.69660949707031,904728
2020-12-14,93.0,94.9000015258789,90.30000305175781,92.19999694824219,87.30636596679688,894076
2020-12-15,78.0,80.0,70.30000305175781,73.5999984741211,69.69358825683594,82461685
2020-12-16,76.0,80.31999969482422,73.69999694824219,79.69999694824219,75.46983337402344,6181732
2020-12-17,81.0,81.0,76.0999984741211,76.0999984741211,72.06089782714844,3993970
2020-12-18,75.30000305175781,77.77799987792969,74.06700134277344,77.0999984741211,73.00782775878906,5543832
2020-12-21,77.19999694824219,79.4000015258789,70.5,72.30000305175781,68.46259307861328,3835015
2020-12-22,72.5,75.30000305175781,72.30000305175781,72.5,68.6519775390625,2368863
2020-12-23,72.5,74.69999694824219,72.5,73.4000015258789,69.50420379638672,1519683
2020-12-24,74.19999694824219,75.26899719238281,73.33699798583984,74.0,70.0723648071289,600707
2020-12-29,75.0,77.0,74.0999984741211,76.0999984741211,72.06089782714844,2232643
2020-12-30,79.9000015258789,79.9000015258789,74.80000305175781,74.80000305175781,70.82991027832031,1144391
2020-12-31,74.0999984741211,75.80000305175781,74.0999984741211,75.5999984741211,71.58743286132812,756422
2021-01-04,77.5999984741211,78.19999694824219,74.4000015258789,74.4000015258789,70.45113372802734,1496738
2021-01-05,76.5999984741211,77.5999984741211,74.4000015258789,77.5999984741211,73.48128509521484,2198045
2021-01-06,78.5,80.30000305175781,76.5999984741211,80.30000305175781,76.03797912597656,3017284
2021-01-07,82.5,82.5,79.4000015258789,79.69999694824219,75.46983337402344,1473496
2021-01-08,83.4000015258789,83.4000015258789,77.86000061035156,78.19999694824219,74.0494384765625,1579485
2021-01-11,79.69999694824219,79.80000305175781,76.30000305175781,77.5999984741211,73.48128509521484,940470
2021-01-12,79.0,79.69999694824219,76.4000015258789,76.4000015258789,72.34497833251953,773573
2021-01-13,77.0,78.0,75.5,75.5,71.49275207519531,5943326
2021-01-14,78.0,80.5,75.4000015258789,80.5,76.22736358642578,1563365
2021-01-15,82.9000015258789,82.9000015258789,76.9000015258789,78.69999694824219,74.52290344238281,1291394
2021-01-18,76.30000305175781,79.5999984741211,76.30000305175781,78.69999694824219,74.52290344238281,1105104
2021-01-19,77.5999984741211,79.0,76.0,76.19999694824219,72.15558624267578,1050336
2021-01-20,75.0,78.69999694824219,75.0,77.0,72.91313934326172,1214931
2021-01-21,75.0,77.5,74.5999984741211,74.5999984741211,70.64051055908203,1648893
2021-01-22,74.0,78.4000015258789,74.0,77.19999694824219,73.1025161743164,1916573
2021-01-25,79.0,79.0,74.5999984741211,74.5999984741211,70.64051055908203,1165344
2021-01-26,72.4000015258789,79.30000305175781,72.4000015258789,79.30000305175781,75.091064453125,1338100
2021-01-27,79.19999694824219,80.5,77.30000305175781,80.0,75.75390625,2436120
2021-01-28,76.19999694824219,79.9000015258789,74.80000305175781,79.5999984741211,75.37513732910156,2564994
2021-01-29,78.80000305175781,80.4800033569336,76.0,79.5,75.28044128417969,3298850
2021-02-01,79.0,82.4000015258789,78.4000015258789,82.30000305175781,77.93183135986328,2836232
2021-02-02,82.0999984741211,83.4000015258789,80.0999984741211,81.69999694824219,77.36367797851562,4925694
2021-02-03,82.19999694824219,83.89600372314453,81.69999694824219,83.0,78.59467315673828,1794502
2021-02-04,83.0,83.5999984741211,81.5,81.5,77.17428588867188,1342767
2021-02-05,83.0,83.0,79.0,79.0,74.8069839477539,1791730
2021-02-08,79.0,80.69999694824219,79.0,80.0,75.75390625,1993577
2021-02-09,80.0,81.4000015258789,77.0999984741211,77.30000305175781,73.19721221923828,1345229
2021-02-10,77.9000015258789,80.30000305175781,75.30000305175781,78.5999984741211,74.42820739746094,1593692
2021-02-11,77.9000015258789,79.9000015258789,77.0,77.69999694824219,73.57598114013672,659422
2021-02-12,80.0,80.0,76.30000305175781,78.0,73.86005401611328,776958
2021-02-15,78.9000015258789,80.30000305175781,78.30000305175781,80.0,75.75390625,772852
2021-02-16,79.80000305175781,81.80000305175781,78.69999694824219,80.0,75.75390625,1059287
2021-02-17,79.4000015258789,81.5999984741211,77.19999694824219,77.4000015258789,73.29190826416016,832687
2021-02-18,77.19999694824219,79.30000305175781,76.30000305175781,77.0999984741211,73.00782775878906,695998
2021-02-19,75.0,77.5999984741211,75.0,76.0,71.9662094116211,975313
2021-02-22,76.0,77.4000015258789,75.38099670410156,76.0999984741211,72.06089782714844,973083
2021-02-23,75.80000305175781,76.9000015258789,74.5479965209961,75.9000015258789,71.87152099609375,1360875
2021-02-24,79.0,79.0,75.5,76.5,72.43966674804688,930008
2021-02-25,78.9000015258789,78.9000015258789,76.0999984741211,78.4000015258789,74.23882293701172,959203
2021-02-26,76.30000305175781,79.69999694824219,75.80000305175781,79.69999694824219,75.46983337402344,2739189
2021-03-01,79.9000015258789,80.69999694824219,77.4000015258789,80.19999694824219,75.94328308105469,1607312
2021-03-02,82.5,82.5,79.5,80.19999694824219,75.94328308105469,1639861
2021-03-03,82.4000015258789,82.69999694824219,79.19999694824219,79.19999694824219,74.9963607788086,1726414
2021-03-04,82.9000015258789,82.9000015258789,78.19999694824219,78.19999694824219,74.0494384765625,946802
2021-03-05,77.5999984741211,80.5,77.0,77.9000015258789,73.76536560058594,1203891
2021-03-08,78.5,79.9000015258789,76.30000305175781,77.69999694824219,73.57598114013672,635970
2021-03-09,76.69999694824219,80.30000305175781,76.69999694824219,80.0,75.75390625,1459066
2021-03-10,79.5,81.30000305175781,79.30000305175781,81.30000305175781,76.98490905761719,1076204
2021-03-11,82.69999694824219,82.69999694824219,79.19999694824219,79.4000015258789,75.18575286865234,1384791
2021-03-12,79.69999694824219,80.0,78.0,79.30000305175781,75.091064453125,460469
2021-03-15,79.0,80.4000015258789,79.0,79.80000305175781,75.56452941894531,485464
2021-03-16,81.0,83.0,80.0999984741211,82.19999694824219,77.8371353149414,1246411
2021-03-17,83.80000305175781,84.4000015258789,80.80000305175781,84.0,79.5416030883789,760946
2021-03-18,82.5,90.0,82.5,87.0,82.38237762451172,2636440
2021-03-19,87.0999984741211,91.4800033569336,85.9000015258789,87.5999984741211,82.95052337646484,4273463
2021-03-22,91.69999694824219,91.69999694824219,84.19999694824219,84.19999694824219,79.7309799194336,1137653
2021-03-23,86.0,87.69999694824219,80.5999984741211,81.4000015258789,77.07959747314453,2621745
2021-03-24,83.0999984741211,83.4000015258789,79.4000015258789,81.0,76.7008285522461,1344016
2021-03-25,79.5999984741211,80.9000015258789,78.19999694824219,79.0,74.8069839477539,1379385
2021-03-26,81.5,81.5,79.19999694824219,80.4000015258789,76.1326675415039,2415702
2021-03-29,80.0,81.12100219726562,78.30000305175781,79.0,74.8069839477539,1217519
2021-03-30,80.0,81.5,79.0999984741211,79.69999694824219,75.46983337402344,1641715
2021-03-31,77.80000305175781,81.69999694824219,77.80000305175781,79.30000305175781,75.091064453125,2152005
2021-04-01,80.80000305175781,82.0,79.90699768066406,81.05000305175781,76.74818420410156,2501714
2021-04-06,84.5999984741211,84.5999984741211,80.5,82.25,77.88448333740234,2304201
2021-04-07,82.0999984741211,83.4000015258789,82.0999984741211,82.9000015258789,78.49998474121094,1965744
2021-04-08,84.0,87.19999694824219,82.75,84.69999694824219,80.20445251464844,4113730
2021-04-09,87.0,87.0,81.8499984741211,82.80000305175781,78.4052963256836,1794843
2021-04-12,84.0,85.25,80.5999984741211,84.0999984741211,79.63629150390625,1806654
2021-04-13,81.0,84.8499984741211,81.0,84.80000305175781,80.29914093017578,840330
2021-04-14,77.0,78.8499984741211,72.90599822998047,74.55000305175781,70.59317016601562,15044994
2021-04-15,75.30000305175781,76.58000183105469,74.55000305175781,75.5,71.49275207519531,5280341
2021-04-16,76.0,76.19599914550781,74.75,75.0,71.019287109375,3951450
2021-04-19,75.75,76.0,74.76000213623047,75.0,71.019287109375,2144692
2021-04-20,73.80000305175781,74.9800033569336,70.30000305175781,71.4000015258789,67.61035919189453,4315470
2021-04-21,71.05000305175781,73.5999984741211,70.30000305175781,73.05000305175781,69.17279052734375,2683803
2021-04-22,75.0,75.0,72.69999694824219,73.5,69.59889221191406,1276082
2021-04-23,73.19999694824219,75.0,72.8499984741211,75.0,71.019287109375,1999105
2021-04-26,75.0,76.19999694824219,73.94999694824219,75.9000015258789,71.87152099609375,2427461
2021-04-27,75.80000305175781,77.19999694824219,74.55000305175781,74.55000305175781,70.59317016601562,1776406
2021-04-28,75.0,75.0999984741211,73.80000305175781,74.5,70.54582214355469,1130054
2021-04-29,74.0,75.25,74.0,74.1500015258789,70.21440887451172,1757418
2021-04-30,74.25,76.5999984741211,74.19999694824219,76.0,71.9662094116211,3633274
2021-05-04,78.0,78.0,76.1500015258789,77.0,72.91313934326172,3249403
2021-05-05,74.30000305175781,78.41000366210938,74.30000305175781,78.0,73.86005401611328,2637028
2021-05-06,80.0,80.0,77.91899871826172,78.9000015258789,74.71228790283203,2437441
2021-05-07,81.0,81.30000305175781,78.8499984741211,81.30000305175781,76.98490905761719,2006121
2021-05-10,81.69999694824219,82.0999984741211,78.0,78.0,73.86005401611328,1586792
2021-05-11,78.0,78.75,75.57099914550781,77.9000015258789,73.76536560058594,1901587
2021-05-12,79.5,81.69999694824219,76.8499984741211,80.1500015258789,75.89594268798828,3311817
2021-05-13,80.0999984741211,80.0999984741211,77.37100219726562,79.1500015258789,74.94902038574219,1756547
2021-05-14,76.0,81.1500015258789,76.0,80.4000015258789,76.1326675415039,2380561
2021-05-17,80.5,81.3499984741211,78.5999984741211,78.94999694824219,74.75963592529297,1826369
2021-05-18,82.0,82.0,78.5999984741211,78.8499984741211,74.66494750976562,1824753
2021-05-19,78.0999984741211,79.80000305175781,77.19999694824219,78.6500015258789,74.4755630493164,1641018
2021-05-20,82.0,82.0,78.30000305175781,79.0,74.8069839477539,1146027
2021-05-21,80.1500015258789,80.5999984741211,77.6500015258789,78.19999694824219,74.0494384765625,3649281
2021-05-24,79.94999694824219,79.94999694824219,78.0,78.0,73.86005401611328,1426667
2021-05-25,79.69999694824219,79.69999694824219,76.6500015258789,76.6500015258789,72.58171081542969,1821441
2021-05-26,76.6500015258789,79.3499984741211,76.6500015258789,78.3499984741211,74.19148254394531,1568883
2021-05-27,76.5,79.55000305175781,76.5,79.0,74.8069839477539,5497481
2021-05-28,79.5,80.07499694824219,78.5999984741211,78.75,74.57025909423828,1588814
2021-06-01,79.1500015258789,80.1500015258789,78.69999694824219,79.0999984741211,74.90167236328125,1680725
2021-06-02,80.4000015258789,80.4000015258789,78.4000015258789,79.1500015258789,74.94902038574219,1618805
2021-06-03,79.30000305175781,80.4000015258789,78.44999694824219,79.6500015258789,75.4224853515625,1614188
2021-06-04,78.94999694824219,79.9000015258789,78.25,79.0999984741211,74.90167236328125,1361692
2021-06-07,79.0999984741211,79.80000305175781,78.05000305175781,78.3499984741211,74.19148254394531,979502
2021-06-08,79.19999694824219,79.9000015258789,77.05000305175781,77.05000305175781,72.96047973632812,1280685
2021-06-09,77.0,78.8499984741211,77.0,78.30000305175781,74.14413452148438,1201129
2021-06-10,78.0,79.0,77.05000305175781,77.5,73.3865966796875,1184360
2021-06-11,78.44999694824219,79.05000305175781,76.9000015258789,77.0,72.91313934326172,1144658
2021-06-14,77.6500015258789,78.6500015258789,76.80000305175781,77.44999694824219,73.33924102783203,1009383
2021-06-15,78.75,78.75,77.44999694824219,77.75,73.62332916259766,1276404
2021-06-16,78.75,78.75,77.55000305175781,78.75,74.57025909423828,2559514
2021-06-17,80.05000305175781,80.94999694824219,78.69999694824219,80.1500015258789,75.89594268798828,4239569
2021-06-18,81.5,81.5,78.80000305175781,80.30000305175781,76.03797912597656,5915562
2021-06-21,82.9000015258789,84.8499984741211,79.69999694824219,81.25,76.93756103515625,2304472
2021-06-22,82.0,83.1500015258789,80.98699951171875,83.05000305175781,78.64202880859375,1762187
2021-06-23,83.0,84.75,82.05000305175781,84.30000305175781,79.82568359375,1625186
2021-06-24,84.0,84.0,77.05000305175781,77.69999694824219,75.15121459960938,3125339
2021-06-25,78.30000305175781,79.5,76.75900268554688,79.0999984741211,76.50528717041016,1584429
2021-06-28,79.4000015258789,79.58399963378906,78.0999984741211,78.0999984741211,75.53809356689453,1261095
2021-06-29,79.6500015258789,79.75,76.6500015258789,76.6500015258789,74.13565826416016,1437403
2021-06-30,76.5,77.8499984741211,76.0,77.05000305175781,74.52253723144531,2169590
2021-07-01,79.30000305175781,79.9000015258789,77.4000015258789,78.69999694824219,76.118408203125,1498674
2021-07-02,78.5,80.44999694824219,78.5,79.25,76.65037536621094,1229748
2021-07-05,82.0,82.77100372314453,79.1500015258789,82.5999984741211,79.8904800415039,1642418
2021-07-06,81.25,82.80000305175781,81.19999694824219,82.5,79.79376220703125,1920115
2021-07-07,82.5,85.0,82.5,84.30000305175781,81.53472137451172,1931626
2021-07-08,84.3499984741211,84.75,82.97000122070312,83.69999694824219,80.95439147949219,2652098
2021-07-09,80.0,85.44999694824219,80.0,84.75,81.96995544433594,1855077
2021-07-12,84.69999694824219,85.80000305175781,83.6500015258789,85.5,82.69535064697266,1418166
2021-07-13,86.0,86.0,82.8499984741211,83.0999984741211,80.37407684326172,1132804
2021-07-14,83.0,83.5,80.8499984741211,81.5999984741211,78.92328643798828,2207377
2021-07-15,82.0,83.03099822998047,80.9000015258789,81.4000015258789,78.72985076904297,767234
2021-07-16,84.6500015258789,84.6500015258789,81.0,81.55000305175781,78.87492370605469,871316
2021-07-19,80.9000015258789,81.30000305175781,78.0,78.1500015258789,75.5864486694336,2587202
2021-07-20,78.0,80.44999694824219,78.0,80.1500015258789,77.5208511352539,2127969
2021-07-21,79.8499984741211,81.75,79.8499984741211,80.6500015258789,78.00444793701172,992471
2021-07-22,84.44999694824219,84.44999694824219,80.80000305175781,82.1500015258789,79.45524597167969,1704675
2021-07-23,85.0,85.0,81.0999984741211,82.25,79.55196380615234,1160068
2021-07-26,83.6500015258789,83.6500015258789,81.0,82.44999694824219,79.74539947509766,3223780
2021-07-27,84.69999694824219,84.69999694824219,82.75,83.1500015258789,80.42243957519531,1699353
2021-07-28,85.0,86.0,82.5,82.5,79.79376220703125,3175999
2021-07-29,83.69999694824219,86.0,81.94999694824219,83.6500015258789,80.90603637695312,6108817
2021-07-30,86.0,89.25,84.05000305175781,89.25,86.32234191894531,4218772
2021-08-02,91.5,91.5,86.80000305175781,86.8499984741211,84.00106811523438,2238928
2021-08-03,88.0999984741211,89.43000030517578,86.5999984741211,89.1500015258789,86.22562408447266,1689788
2021-08-04,89.25,91.30000305175781,87.5999984741211,89.4000015258789,86.46742248535156,2396733
2021-08-05,89.5999984741211,90.25,88.0999984741211,88.75,85.8387451171875,1569378
2021-08-06,89.25,91.4000015258789,88.44999694824219,91.25,88.2567367553711,2652440
2021-08-09,91.8499984741211,93.05000305175781,90.4020004272461,93.05000305175781,89.99768829345703,1625276
2021-08-10,94.0,96.1500015258789,91.25,95.3499984741211,92.22224426269531,2499340
2021-08-11,96.5999984741211,96.94999694824219,94.70500183105469,95.5999984741211,92.46403503417969,1256740
2021-08-12,91.3499984741211,96.44999694824219,91.05000305175781,94.55000305175781,91.44849395751953,1156408
2021-08-13,92.0999984741211,95.33799743652344,92.0999984741211,93.5999984741211,90.52964782714844,1028719
2021-08-16,94.69999694824219,94.8499984741211,92.5999984741211,94.0999984741211,91.01324462890625,1202909
2021-08-17,94.9000015258789,97.30000305175781,94.05000305175781,96.4000015258789,93.23780822753906,1782119
2021-08-18,100.0,100.0,94.5999984741211,94.80000305175781,91.6902847290039,1308874
2021-08-19,94.9000015258789,94.9000015258789,92.55000305175781,94.0999984741211,91.01324462890625,931044
2021-08-20,98.55000305175781,98.55000305175781,93.5,94.5,91.4001235961914,889564
2021-08-23,94.44999694824219,95.94999694824219,93.19999694824219,93.69999694824219,90.6263656616211,844413
2021-08-24,96.0,96.0,92.0,92.44999694824219,89.41736602783203,1230031
2021-08-25,96.0,96.0,92.94999694824219,93.8499984741211,90.77144622802734,1023107
2021-08-26,92.05000305175781,94.05000305175781,92.0,93.75,90.67472839355469,1145390
2021-08-27,93.75,94.5,93.25,93.4000015258789,90.33621215820312,1780530
2021-08-31,93.5,94.34600067138672,92.55000305175781,92.94999694824219,89.90096282958984,1380852
2021-09-01,95.0,95.0,93.1719970703125,93.69999694824219,90.6263656616211,2224150
2021-09-02,92.3499984741211,93.8499984741211,92.3499984741211,93.5,90.43292999267578,1484606
2021-09-03,93.5,94.55000305175781,93.30000305175781,93.6500015258789,90.57801055908203,1761751
2021-09-06,94.0,95.91000366210938,93.44999694824219,95.1500015258789,92.02880859375,917772
2021-09-07,92.3499984741211,95.6500015258789,92.3499984741211,92.80000305175781,89.75589752197266,812827
2021-09-08,92.80000305175781,94.19999694824219,92.55000305175781,93.6500015258789,90.57801055908203,849681
2021-09-09,93.8499984741211,94.9000015258789,92.5999984741211,94.44999694824219,91.35176849365234,1384706
2021-09-10,96.0,96.0,93.3499984741211,94.05000305175781,90.96489715576172,1006248
2021-09-13,95.0,94.7229995727539,93.5,93.80000305175781,90.72309112548828,50996
2021-09-14,93.80000305175781,95.19999694824219,93.05000305175781,95.19999694824219,92.07715606689453,1180762
2021-09-15,95.9000015258789,95.9000015258789,93.85600280761719,94.5,91.4001235961914,1612878
2021-09-16,95.5,96.44999694824219,94.0,95.30000305175781,92.17388153076172,1414932
2021-09-17,98.0,98.0,95.55000305175781,96.5,93.33452606201172,3722136
2021-09-20,95.0,96.0999984741211,93.19999694824219,95.05000305175781,91.93209075927734,1985126
2021-09-21,98.0,101.49199676513672,95.21900177001953,99.25,95.99431610107422,2062896
2021-09-22,102.0,103.69999694824219,98.19999694824219,98.19999694824219,94.97875213623047,1492421
2021-09-23,99.30000305175781,100.06999969482422,97.30000305175781,98.0999984741211,94.88203430175781,1504590
2021-09-24,98.1500015258789,100.5999984741211,97.44999694824219,98.75,95.5107192993164,1644172
2021-09-27,103.0,103.0,98.1500015258789,101.0999984741211,97.78363037109375,1229502
2021-09-28,105.0,105.0,96.12799835205078,98.55000305175781,95.3172836303711,1291485
2021-09-29,99.0,99.44999694824219,96.69999694824219,97.25,94.0599136352539,897017
2021-09-30,101.4000015258789,101.4000015258789,97.0999984741211,99.69999694824219,96.42955017089844,2606709
2021-10-01,98.55000305175781,99.5,97.1500015258789,98.3499984741211,95.12383270263672,1438915
2021-10-04,103.0,105.0,95.8499984741211,97.05000305175781,93.8664779663086,1490666
2021-10-05,98.5999984741211,101.4000015258789,96.05000305175781,96.19999694824219,93.04436492919922,1118607
2021-10-06,95.44999694824219,96.4000015258789,93.94599914550781,94.5,91.4001235961914,1420361
2021-10-07,97.5,97.5,92.9000015258789,93.25,90.19112396240234,1614472
2021-10-08,97.5999984741211,98.5999984741211,93.4000015258789,96.0,92.8509292602539,1216803
2021-10-11,98.4000015258789,99.05000305175781,94.4000015258789,94.6500015258789,91.54521179199219,1311814
2021-10-12,93.25,95.30000305175781,92.44999694824219,95.0,91.88372039794922,655064
2021-10-13,94.80000305175781,95.1500015258789,93.30000305175781,94.44999694824219,91.35176849365234,955929
2021-10-14,94.9000015258789,95.6500015258789,93.69999694824219,95.19999694824219,92.07715606689453,1522658
2021-10-15,96.3499984741211,98.30000305175781,95.19999694824219,98.0,94.78531646728516,1862258
2021-10-18,100.0,100.0,97.1500015258789,98.1500015258789,94.9303970336914,1643106
2021-10-19,93.5,98.5,93.5,96.44999694824219,93.2861557006836,1037334
2021-10-20,100.0,100.0,96.1500015258789,98.5,95.26891326904297,841605
2021-10-21,93.8499984741211,98.8479995727539,93.8499984741211,97.19999694824219,94.01155853271484,1164989
2021-10-22,100.0,100.0,97.1500015258789,98.69999694824219,95.46234893798828,2015748
2021-10-25,100.0,100.5,97.94999694824219,98.75,95.5107192993164,1706042
2021-10-26,99.5,100.5,98.55000305175781,99.0,95.75251007080078,2361112
2021-10-27,103.69999694824219,103.69999694824219,98.5,99.25,95.99431610107422,1735124
2021-10-28,103.0,117.0999984741211,101.5,110.0,106.39167785644531,3777697
2021-10-29,113.30000305175781,113.30000305175781,109.11199951171875,109.5999984741211,106.00479888916016,4098484
2021-11-01,109.80000305175781,113.0999984741211,109.11199951171875,110.0,106.39167785644531,2088334
2021-11-02,109.0,110.4000015258789,109.0,110.0,106.39167785644531,17714387
2021-11-03,110.19999694824219,110.20999908447266,107.60099792480469,110.0,106.39167785644531,4894757
2021-11-04,104.80000305175781,110.19999694824219,104.80000305175781,109.0,105.42448425292969,1398045
2021-11-05,108.69999694824219,124.5,107.80000305175781,121.19999694824219,117.22428894042969,18269502
2021-11-08,123.80000305175781,124.47899627685547,119.5,122.5,118.48164367675781,2626871
2021-11-09,123.4000015258789,127.80000305175781,122.5,125.19999694824219,121.09307098388672,2856849
2021-11-10,126.5,131.89999389648438,125.19999694824219,131.5,127.1864242553711,5758259
2021-11-11,133.5,133.5,127.74600219726562,129.1999969482422,126.37903594970703,1708816
2021-11-12,130.5,134.89999389648438,129.6999969482422,134.6999969482422,131.75894165039062,1879626
2021-11-15,136.6999969482422,138.6999969482422,134.60000610351562,135.89999389648438,132.9327392578125,2385148
2021-11-16,129.5,136.60000610351562,129.5,135.8000030517578,132.83493041992188,1323050
2021-11-17,131.6999969482422,139.6999969482422,131.6999969482422,135.89999389648438,132.9327392578125,2767266
2021-11-18,129.6999969482422,135.1999969482422,129.3000030517578,132.5,129.6069793701172,1702899
2021-11-19,132.6999969482422,135.10000610351562,126.29499816894531,128.6999969482422,125.88995361328125,1638854
2021-11-22,126.19999694824219,131.1999969482422,126.19999694824219,129.8000030517578,126.9659423828125,935163
2021-11-23,128.8000030517578,132.6999969482422,127.81999969482422,129.89999389648438,127.06375122070312,950288
2021-11-24,133.0,133.0,128.39999389648438,129.5,126.6724853515625,1128085
2021-11-25,129.1999969482422,129.5,127.53099822998047,129.10000610351562,126.2812271118164,473159
2021-11-26,126.19999694824219,127.30000305175781,120.5,121.30000305175781,118.65152740478516,2169246
2021-11-29,121.5999984741211,127.30000305175781,121.5999984741211,126.80000305175781,124.03144073486328,1617623
2021-11-30,128.8000030517578,128.8000030517578,121.71199798583984,124.80000305175781,122.07511138916016,3782024
2021-12-01,122.9000015258789,126.9000015258789,122.9000015258789,126.0999984741211,123.34671783447266,1255182
2021-12-02,123.0,127.4000015258789,123.0,126.5999984741211,123.83580780029297,1554439
2021-12-03,120.5999984741211,128.1999969482422,120.5999984741211,123.19999694824219,120.51004028320312,1234988
2021-12-06,128.89999389648438,128.89999389648438,124.30000305175781,125.0999984741211,122.3685531616211,1649603
2021-12-07,129.1999969482422,131.0,125.30000305175781,129.0,126.18340301513672,1210114
2021-12-08,134.0,134.0,125.9000015258789,126.5,123.73799133300781,1218752
2021-12-09,130.0,130.0,125.0,125.5999984741211,122.85763549804688,493067
2021-12-10,125.0,127.90899658203125,123.0,126.69999694824219,123.9336166381836,1304601
2021-12-13,125.80000305175781,128.3000030517578,124.71499633789062,126.30000305175781,123.5423583984375,1390708
2021-12-14,121.0,127.58599853515625,121.0,125.4000015258789,122.6620101928711,2393138
2021-12-15,121.0,128.10000610351562,121.0,127.0,124.2270736694336,4961590
2021-12-16,130.1999969482422,131.39999389648438,127.302001953125,129.0,126.18340301513672,1324757
2021-12-17,127.5,129.89999389648438,126.19999694824219,127.0,124.2270736694336,1889141
2021-12-20,126.0999984741211,127.0,123.19999694824219,126.5999984741211,123.83580780029297,903801
2021-12-21,132.0,132.0,125.2959976196289,127.19999694824219,124.42269897460938,777117
2021-12-22,125.19999694824219,129.39999389648438,125.19999694824219,129.1999969482422,126.37903594970703,645450
2021-12-23,129.1999969482422,129.8000030517578,128.3000030517578,129.0,126.18340301513672,671560
2021-12-24,127.0,128.8000030517578,126.80000305175781,128.0,125.20523834228516,538730
2021-12-29,129.1999969482422,131.13999938964844,129.1999969482422,129.8000030517578,126.9659423828125,937634
2021-12-30,130.0,134.0,129.10000610351562,133.5,130.58514404296875,1761625
2021-12-31,132.0,133.6999969482422,125.22799682617188,133.6999969482422,130.78077697753906,921053
2022-01-04,135.89999389648438,141.89999389648438,133.39999389648438,141.10000610351562,138.0192108154297,3719444
2022-01-05,140.0,143.0,138.0679931640625,140.89999389648438,137.82357788085938,2336920
2022-01-06,139.0,139.5,134.85699462890625,137.0,134.00872802734375,1091544
2022-01-07,142.39999389648438,142.39999389648438,135.0,138.89999389648438,135.86724853515625,1299995
2022-01-10,141.6999969482422,141.6999969482422,133.3000030517578,134.60000610351562,131.6611328125,1773000
2022-01-11,140.8000030517578,140.8000030517578,135.0,136.0,133.0305633544922,1405266
2022-01-12,140.5,140.5,135.60000610351562,139.10000610351562,136.06288146972656,1158865
2022-01-13,135.5,139.75399780273438,135.5,139.10000610351562,136.06288146972656,1537931
2022-01-14,141.0,143.10000610351562,137.6999969482422,143.0,139.8777313232422,2140721
2022-01-17,136.6999969482422,144.3000030517578,136.6999969482422,144.3000030517578,141.14935302734375,1814190
2022-01-18,145.0,146.0,141.3000030517578,145.60000610351562,142.42095947265625,2705512
2022-01-19,147.0,147.1999969482422,143.10000610351562,145.5,142.32313537597656,8998870
2022-01-20,147.5,148.1750030517578,143.0,143.8000030517578,140.66026306152344,4866998
2022-01-21,143.3000030517578,147.10000610351562,142.5,144.60000610351562,141.4427947998047,2728705
2022-01-24,146.89999389648438,152.39999389648438,141.3000030517578,144.1999969482422,141.05152893066406,4984436
2022-01-25,146.0,150.8000030517578,144.6999969482422,147.8000030517578,144.5729217529297,3781101
2022-01-26,146.6999969482422,149.6999969482422,146.6999969482422,149.0,145.74671936035156,2923110
2022-01-27,145.0,148.34500122070312,141.3000030517578,144.3000030517578,141.14935302734375,3183935
2022-01-28,145.0,146.12600708007812,139.4510040283203,144.0,140.85589599609375,35549281
2022-01-31,144.5,152.60000610351562,143.60000610351562,152.5,149.17030334472656,3373218
2022-02-02,156.39999389648438,163.13999938964844,156.39999389648438,160.0,156.5065460205078,3591782
2022-02-03,158.8000030517578,160.5,156.8000030517578,156.8000030517578,153.3764190673828,3933385
2022-02-04,158.5,162.33799743652344,152.0,155.0,151.61572265625,6060789
2022-02-07,158.1999969482422,159.1999969482422,154.39999389648438,155.0,151.61572265625,3534920
2022-02-08,139.0,142.60000610351562,130.5,141.6999969482422,138.60610961914062,14475271
2022-02-09,143.39999389648438,144.3000030517578,136.89999389648438,139.10000610351562,136.06288146972656,7546472
2022-02-10,140.0,144.1999969482422,138.6999969482422,144.0,140.85589599609375,5199101
2022-02-11,142.5,148.60000610351562,141.78799438476562,147.8000030517578,144.5729217529297,3148003
2022-02-14,149.5,149.5,144.3000030517578,144.3000030517578,141.14935302734375,3455595
2022-02-15,145.0,150.49600219726562,143.0,150.0,146.72488403320312,4825189
2022-02-16,149.5,151.1999969482422,148.0,151.10000610351562,147.80087280273438,4525939
2022-02-17,151.5,154.0,149.60000610351562,151.39999389648438,148.0943145751953,3003508
2022-02-18,150.0,153.89999389648438,149.88800048828125,153.89999389648438,150.53973388671875,2678878
2022-02-21,154.60000610351562,156.60000610351562,152.89999389648438,154.5,151.1266326904297,2453156
2022-02-22,153.10000610351562,154.5,149.60000610351562,152.5,149.17030334472656,2637979
2022-02-23,155.0,155.0,148.8000030517578,149.39999389648438,146.1379852294922,2166776
2022-02-24,146.10000610351562,147.2729949951172,138.10000610351562,138.89999389648438,135.86724853515625,5050220
2022-02-25,141.0,145.89999389648438,140.39500427246094,144.5,141.344970703125,6550879
2022-02-28,144.0,145.0,139.93800354003906,142.10000610351562,138.9973907470703,4751286
2022-03-01,141.3000030517578,144.8000030517578,140.60000610351562,142.3000030517578,139.19300842285156,3461215
2022-03-02,145.60000610351562,147.89999389648438,140.60000610351562,147.6999969482422,144.47509765625,2338261
2022-03-03,147.8000030517578,147.8000030517578,137.5,139.0,135.96505737304688,4065651
2022-03-04,138.3000030517578,138.3000030517578,130.32200622558594,131.6999969482422,128.82444763183594,3874217
2022-03-07,129.10000610351562,129.89999389648438,122.60099792480469,127.9000015258789,125.107421875,5041675
2022-03-08,124.4000015258789,131.60000610351562,124.4000015258789,129.3000030517578,126.47686004638672,4130667
2022-03-09,130.3000030517578,139.30599975585938,130.3000030517578,137.60000610351562,134.59564208984375,3388787
2022-03-10,139.6999969482422,140.39999389648438,136.8000030517578,139.8000030517578,136.7476043701172,2160760
2022-03-11,136.0,143.60000610351562,136.0,139.8000030517578,136.7476043701172,3304704
2022-03-14,141.1999969482422,143.3000030517578,140.39999389648438,142.39999389648438,139.2908172607422,1641149
2022-03-15,142.0,144.43600463867188,140.5,143.0,139.8777313232422,2656346
2022-03-16,145.1999969482422,146.3000030517578,142.0,142.3000030517578,139.19300842285156,3572993
2022-03-17,143.1999969482422,146.60000610351562,141.3000030517578,146.60000610351562,143.3991241455078,2510034
2022-03-18,148.5,148.5,142.5,143.0,139.8777313232422,12346646
2022-03-21,146.39999389648438,152.0,144.6269989013672,152.0,148.68121337890625,3484675
2022-03-22,151.3000030517578,153.25900268554688,147.89999389648438,149.8000030517578,146.5292510986328,2179826
2022-03-23,151.10000610351562,152.60000610351562,149.89999389648438,151.0,147.7030487060547,2415998
2022-03-24,150.6999969482422,156.16900634765625,150.5,155.5,152.10479736328125,2228373
2022-03-25,140.0,143.89999389648438,138.10000610351562,139.0,135.96505737304688,69913247
2022-03-28,140.0,143.1999969482422,138.6999969482422,139.5,136.4541473388672,3128154
2022-03-29,140.39999389648438,144.39999389648438,140.1999969482422,141.0,137.92140197753906,5374987
2022-03-30,141.0,141.8209991455078,136.6999969482422,139.5,136.4541473388672,8062785
2022-03-31,139.5,141.0,139.10000610351562,139.5,136.4541473388672,3583961
2022-04-01,141.89999389648438,142.6999969482422,138.89999389648438,141.5,138.4104766845703,2601942
2022-04-04,141.3000030517578,146.5,141.3000030517578,144.0,140.85589599609375,3016730
2022-04-05,137.8000030517578,143.39999389648438,136.89999389648438,138.3000030517578,135.2803497314453,5888201
2022-04-06,138.1999969482422,139.5,132.39999389648438,138.8000030517578,135.76943969726562,5508170
2022-04-07,141.6999969482422,144.38999938964844,139.89999389648438,142.3000030517578,139.19300842285156,2991502
2022-04-08,143.39999389648438,147.9969940185547,143.3000030517578,143.89999389648438,140.75807189941406,3621268
2022-04-11,143.5,146.1909942626953,142.8000030517578,144.1999969482422,141.05152893066406,2316597
2022-04-12,142.5,148.5,142.5,147.8000030517578,144.5729217529297,3114677
2022-04-13,145.10000610351562,150.6999969482422,145.10000610351562,149.1999969482422,145.94235229492188,2523861
2022-04-14,149.1999969482422,150.2050018310547,146.6999969482422,148.5,145.2576446533203,11989776
2022-04-19,150.0,150.0,144.9459991455078,149.39999389648438,146.1379852294922,2510028
2022-04-20,149.1999969482422,149.6999969482422,147.10000610351562,147.6999969482422,144.47509765625,2572675
2022-04-21,148.0,149.10000610351562,146.5,146.60000610351562,143.3991241455078,3220060
2022-04-22,143.89999389648438,148.3000030517578,143.39999389648438,145.89999389648438,142.7144012451172,2259098
2022-04-25,145.6999969482422,146.3000030517578,143.39999389648438,144.0,140.85589599609375,1564314
2022-04-26,145.6999969482422,148.10000610351562,142.8000030517578,143.5,140.36680603027344,2786122
2022-04-27,146.3000030517578,146.3000030517578,141.89999389648438,143.1999969482422,140.0733642578125,3871293
2022-04-28,143.6999969482422,149.10000610351562,143.60000610351562,149.10000610351562,145.84454345703125,4112103
2022-04-29,147.0,150.6999969482422,146.60000610351562,146.60000610351562,143.3991241455078,3474274
2022-05-03,140.5,147.5500030517578,140.5,146.0,142.81222534179688,24211000
2022-05-04,144.10000610351562,147.8000030517578,144.10000610351562,145.1999969482422,142.02969360351562,1875867
2022-05-05,147.5,149.6999969482422,146.3000030517578,148.0,144.7685546875,2623392
2022-05-06,144.6999969482422,148.0,143.906005859375,146.0,142.81222534179688,3206433
2022-05-09,147.0,147.0,143.39999389648438,144.10000610351562,140.95372009277344,2912634
2022-05-10,143.60000610351562,144.3000030517578,135.5,140.1999969482422,137.13885498046875,5236129
2022-05-11,142.39999389648438,142.39999389648438,128.1999969482422,135.60000610351562,132.63931274414062,6471192
2022-05-12,135.60000610351562,137.0,132.10000610351562,134.5,131.56332397460938,5119225
2022-05-13,136.8000030517578,138.1999969482422,135.10000610351562,137.60000610351562,134.59564208984375,2494686
2022-05-16,137.0,142.6999969482422,136.10000610351562,139.8000030517578,136.7476043701172,2296698
2022-05-17,140.8000030517578,143.39999389648438,140.5,143.3000030517578,140.17117309570312,2059510
2022-05-18,144.1999969482422,144.39999389648438,140.8000030517578,143.0,139.8777313232422,2589779
2022-05-19,143.39999389648438,146.60000610351562,140.3000030517578,143.60000610351562,140.46463012695312,5966512
2022-05-20,141.8000030517578,147.99000549316406,141.8000030517578,145.0,141.8340606689453,2758228
2022-05-23,147.0,148.8000030517578,146.3000030517578,148.8000030517578,145.55108642578125,4804204
2022-05-24,148.8000030517578,153.6999969482422,148.5,152.60000610351562,149.26812744140625,4308566
2022-05-25,152.0,158.0,151.8000030517578,155.0,151.61572265625,4801944
2022-05-26,156.39999389648438,160.3000030517578,154.89999389648438,160.3000030517578,156.8000030517578,2436482
2022-05-27,159.39999389648438,160.79200744628906,156.51199340820312,159.89999389648438,156.40872192382812,4236543
2022-05-30,159.60000610351562,163.10000610351562,148.05099487304688,151.8000030517578,148.485595703125,7891228
2022-05-31,152.6999969482422,155.9250030517578,151.89999389648438,154.60000610351562,151.22445678710938,4425644
2022-06-01,155.0,156.8000030517578,153.60000610351562,153.89999389648438,150.53973388671875,2527681
2022-06-06,155.0,158.5,154.3000030517578,156.60000610351562,153.1807861328125,2702880
2022-06-07,156.5,160.35800170898438,156.1999969482422,156.60000610351562,153.1807861328125,4827476
2022-06-08,155.0,157.60000610351562,143.8000030517578,144.0,140.85589599609375,5450609
2022-06-09,146.3000030517578,146.89999389648438,142.60000610351562,145.89999389648438,142.7144012451172,3309955
2022-06-10,143.3000030517578,147.10000610351562,143.3000030517578,144.3000030517578,141.14935302734375,15622249
2022-06-13,142.5,144.0,139.53700256347656,140.39999389648438,137.33448791503906,4649223
2022-06-14,142.8000030517578,143.39999389648438,139.89999389648438,142.1999969482422,139.09518432617188,13816112
2022-06-15,143.60000610351562,145.10000610351562,126.30000305175781,136.6999969482422,133.7152862548828,8413013
2022-06-16,137.39999389648438,138.3000030517578,130.6999969482422,132.89999389648438,129.9982452392578,4994464
2022-06-17,132.89999389648438,134.6999969482422,131.48399353027344,133.89999389648438,130.97640991210938,14815948
2022-06-20,131.8000030517578,138.10000610351562,131.17100524902344,136.60000610351562,133.6174774169922,1707693
2022-06-21,137.0,137.6999969482422,135.1999969482422,136.3000030517578,133.3240203857422,1601271
2022-06-22,139.10000610351562,139.10000610351562,133.6999969482422,137.39999389648438,134.39999389648438,2592365
2022-06-23,137.39999389648438,137.39999389648438,131.89999389648438,135.60000610351562,135.60000610351562,2957256
2022-06-24,137.0,137.0,134.6999969482422,135.8000030517578,135.8000030517578,625139
