Date,Open,High,Low,Close,Adj Close,Volume,macd,signal,macd_diff,crossover,crossunder,lowest_MACD,MACD_ratio,lowest_Low,MACD_up,state,marker
2021-04-27,475.79998779296875,479.6000061035156,473.4729919433594,474.5,453.8837890625,2488672,0.0,0.0,0.0,False,False,,0.0,,False,"(0, 0, 0, 0)",
2021-04-28,474.8999938964844,480.79998779296875,471.29998779296875,479.0,458.18829345703125,3278487,0.1009615384615472,0.05608974358974845,0.04487179487179876,True,False,,0.0,,True,"(0, 0, 0, 0)",
2021-04-29,477.0,489.29998779296875,476.20001220703125,480.20001220703125,459.33612060546875,2468853,0.16585734627159354,0.10107646600034069,0.06478088027125285,False,False,,0.0,,True,"(0, 0, 0, 0)",
2021-04-30,479.70001220703125,485.20001220703125,477.6000061035156,477.70001220703125,456.94476318359375,3088904,0.10104694159031169,0.10106646450642842,-1.952291611673207e-05,False,True,,,,False,"(0, 0, 0, 0)",
2021-05-04,478.20001220703125,483.1000061035156,462.6000061035156,462.6000061035156,442.5008544921875,2861767,-0.5371613497525232,-0.08879188100135106,-0.4483694687511721,False,False,,,,False,"(0, 0, 0, 0)",
2021-05-05,463.29998779296875,467.70001220703125,455.8999938964844,455.8999938964844,436.0919189453125,2090023,-1.1972106815315442,-0.3892350028381846,-0.8079756786933596,False,False,,,,False,"(0, 0, 0, 0)",
2021-05-06,454.79998779296875,461.5,451.6000061035156,452.3999938964844,432.7439880371094,3277300,-1.758441108832642,-0.7357445411703042,-1.0226965676623379,False,False,,,,False,"(0, 0, 0, 0)",
2021-05-07,454.29998779296875,465.29998779296875,453.0,463.29998779296875,443.17041015625,2782268,-1.5880883202923428,-0.940578779621649,-0.6475095406706938,False,False,,,,True,"(0, 0, 0, 0)",
2021-05-10,470.0,470.0,451.5,455.3999938964844,435.6136474609375,3386632,-1.8379062296597795,-1.1478658722448924,-0.690040357414887,False,False,,,,False,"(0, 0, 0, 0)",
2021-05-11,451.3999938964844,453.1000061035156,437.5,442.5,423.2741394042969,3486882,-2.652851126277426,-1.485069933422281,-1.167781192855145,False,False,,,,False,"(0, 0, 0, 0)",
2021-05-12,441.29998779296875,448.0,439.20001220703125,439.29998779296875,420.213134765625,2113341,-3.375021661893129,-1.8985805725483402,-1.4764410893447888,False,False,,,,False,"(0, 0, 0, 0)",
2021-05-13,436.1000061035156,438.79998779296875,428.00799560546875,434.5,423.2327880859375,2164102,-4.1222323519224915,-2.376127718403078,-1.7461046335194137,False,False,,,,False,"(0, 0, 0, 0)",
2021-05-14,436.5,447.5,435.79998779296875,445.6000061035156,434.0449523925781,2414611,-3.9946819042653487,-2.718670017625543,-1.2760118866398056,False,False,,,,True,"(0, 0, 0, 0)",
2021-05-17,447.20001220703125,449.29998779296875,441.8999938964844,444.70001220703125,433.1683044433594,4346711,-3.899486315003287,-2.965697668062601,-0.9337886469406862,False,False,,,,True,"(0, 0, 0, 0)",
2021-05-18,447.8999938964844,451.6000061035156,444.8999938964844,450.70001220703125,439.0126953125,2062255,-3.421891090658903,-3.0602635953546296,-0.3616274953042735,False,False,,,,True,"(0, 0, 0, 0)",
2021-05-19,449.29998779296875,450.79998779296875,438.8999938964844,445.70001220703125,434.142333984375,2843125,-3.3197336847119345,-3.113660605443201,-0.20607307926873375,False,False,,,,True,"(0, 0, 0, 0)",
2021-05-20,448.20001220703125,453.6000061035156,445.7080078125,453.5,441.74005126953125,2432573,-2.717928050186856,-3.0326908168430933,0.31476276665623715,True,False,,0.0,,True,"(0, 0, 0, 0)",
2021-05-21,453.3999938964844,459.1000061035156,452.5,453.3999938964844,441.6426696777344,6803525,-2.229981719973125,-2.869203878612723,0.6392221586395981,False,False,,0.0,,True,"(0, 0, 0, 0)",
2021-05-24,453.29998779296875,459.6000061035156,449.6109924316406,458.8999938964844,447.0000305175781,1162722,-1.475048135937584,-2.5862955919841255,1.1112474560465415,False,False,,0.0,,True,"(0, 0, 0, 0)",
2021-05-25,460.0,467.20001220703125,458.3999938964844,464.5,452.454833984375,2056566,-0.5103526109596146,-2.1662643654423595,1.6559117544827449,False,False,,0.0,,True,"(0, 0, 0, 0)",
2021-05-26,465.5,468.3999938964844,463.5,466.3999938964844,454.3055419921875,2220252,0.36681644984082595,-1.6549319936865312,2.021748443527357,False,False,,0.0,,True,"(0, 0, 0, 0)",
2021-05-27,466.6000061035156,472.79998779296875,465.6000061035156,471.1000061035156,458.8836975097656,4360097,1.3568186739983048,-1.0481042618028087,2.4049229358011135,False,False,,0.0,,True,"(0, 0, 0, 0)",
2021-05-28,472.5,474.1000061035156,469.79998779296875,471.0,458.7862854003906,2471633,2.1017327044822878,-0.41439611591068654,2.516128820392974,False,False,,0.0,,True,"(0, 0, 0, 0)",
2021-06-01,470.3999938964844,475.79998779296875,465.20001220703125,466.0,453.9159240722656,2371548,2.311749226502002,0.13341994075663466,2.178329285745367,False,False,,0.0,,False,"(0, 0, 0, 0)",
2021-06-02,475.79998779296875,475.79998779296875,463.5150146484375,466.8999938964844,454.7925720214844,1953215,2.5104380988187245,0.6106264074279464,1.899811691390778,False,False,,0.0,,False,"(0, 0, 0, 0)",
2021-06-03,466.29998779296875,466.9580078125,461.5,464.0,451.9678039550781,1507307,2.4320595014736455,0.9760173526067863,1.4560421488668591,False,False,,0.0,,False,"(0, 0, 0, 0)",
2021-06-04,463.79998779296875,468.70001220703125,462.29998779296875,467.6000061035156,455.4744567871094,1610681,2.5977483925688603,1.3011496823356021,1.2965987102332581,False,False,,0.0,,False,"(0, 0, 0, 0)",
2021-06-07,471.79998779296875,471.8999938964844,465.8999938964844,469.8999938964844,457.7148132324219,1201467,2.861122994815389,1.6137489998493773,1.2473739949660119,False,False,,0.0,,False,"(0, 0, 0, 0)",
2021-06-08,470.8999938964844,477.6000061035156,468.05999755859375,475.20001220703125,462.87738037109375,2070862,3.415403625040767,1.9746383741453972,1.4407652508953699,False,False,,0.0,,True,"(0, 0, 0, 0)",
2021-06-09,469.8999938964844,480.29998779296875,469.8999938964844,479.0,466.5788269042969,3486301,4.084462310460424,2.397126175974396,1.6873361344860278,False,False,,0.0,,True,"(0, 0, 0, 0)",
2021-06-10,479.79998779296875,486.0,479.20001220703125,485.0,472.4232177734375,1819099,4.998517406039696,2.917920191398587,2.080597214641109,False,False,,0.0,,True,"(0, 0, 0, 0)",
2021-06-11,486.5,489.0,484.1000061035156,487.79998779296875,475.1506042480469,1512308,5.860993693383648,3.5070016101794113,2.3539920832042367,False,False,,0.0,,True,"(0, 0, 0, 0)",
2021-06-14,489.79998779296875,491.6000061035156,484.20001220703125,487.29998779296875,474.66357421875,1746914,6.430384941873058,4.092049094415418,2.33833584745764,False,False,,0.0,,False,"(0, 0, 0, 0)",
2021-06-15,489.5,490.5,483.5,484.79998779296875,472.2283935546875,3236637,6.615213130465804,4.596937910669884,2.01827521979592,False,False,,0.0,,False,"(0, 0, 0, 0)",
2021-06-16,486.0,488.1000061035156,483.79998779296875,485.70001220703125,473.1050720214844,1260421,6.750876762909343,5.027900500313115,1.7229762625962275,False,False,,0.0,,False,"(0, 0, 0, 0)",
2021-06-17,482.20001220703125,493.5,474.20001220703125,493.5,480.70281982421875,3459703,7.365827433453944,5.495637676333135,1.8701897571208095,False,False,,0.0,,True,"(0, 0, 0, 0)",
2021-06-18,496.1000061035156,496.1000061035156,488.5,494.0,481.1898498535156,8349548,7.799976955336717,5.956625211340343,1.843351743996374,False,False,,0.0,,False,"(0, 0, 0, 0)",
2021-06-21,491.6000061035156,495.6000061035156,489.1000061035156,492.8999938964844,480.1183776855469,4116014,7.9666173200490675,6.358707142231954,1.6079101778171134,False,False,,0.0,,False,"(0, 0, 0, 0)",
2021-06-22,494.5,495.48699951171875,486.20001220703125,492.6000061035156,479.826171875,2495468,7.982687945932071,6.6835572779588315,1.2991306679732393,False,False,,0.0,,False,"(0, 0, 0, 0)",
2021-06-23,494.1000061035156,494.8999938964844,489.2080078125,492.0,479.24169921875,1367817,7.857799252886991,6.918436893800564,0.9393623590864273,False,False,-1.7461046335194137,0.0,428.00799560546875,False,"(0, 0, 0, 0)",
2021-06-24,494.1000061035156,498.6000061035156,490.09100341796875,496.0,483.13800048828125,1390637,7.976442383038204,7.130060495329349,0.8463818877088549,False,False,-1.7461046335194137,0.0,428.00799560546875,False,"(0, 0, 0, 0)",
2021-06-25,495.5,496.1440124511719,491.0,492.79998779296875,480.02093505859375,980961,7.7318920493612495,7.2504370466401795,0.48145500272107,False,False,-1.7461046335194137,0.0,428.00799560546875,False,"(0, 0, 0, 0)",
2021-06-28,492.0,502.20001220703125,491.79998779296875,502.20001220703125,489.1772155761719,1419806,8.176365056859993,7.435635252620918,0.7407298042390744,False,False,-1.7461046335194137,0.0,428.00799560546875,True,"(0, 0, 0, 0)",
2021-06-29,502.20001220703125,508.5,499.8999938964844,500.0,487.03424072265625,2913949,8.260710829317588,7.600659352726872,0.6600514765907164,False,False,-1.7461046335194137,0.0,428.00799560546875,False,"(0, 0, 0, 0)",
2021-06-30,500.79998779296875,504.79998779296875,488.79998779296875,489.79998779296875,477.0987243652344,1836942,7.442073007364456,7.568940702112308,-0.12686769474785198,False,True,-1.7461046335194137,0.07265755574575161,428.00799560546875,False,"(0, 0, 0, 0)",
2021-07-01,494.79998779296875,496.6910095214844,488.79998779296875,492.5,479.7287292480469,1424143,6.925427507311156,7.4402335783633715,-0.5148060710522158,False,False,-1.7461046335194137,0.2948311694326032,428.00799560546875,False,"(0, 0, 0, 0)",
2021-07-02,494.1000061035156,496.20001220703125,490.6000061035156,494.3999938964844,481.5794982910156,1164141,6.589382165563279,7.270058552015975,-0.6806763864526957,False,False,-1.7461046335194137,0.3898256572864926,428.00799560546875,False,"(0, 0, 0, 0)",
2021-07-05,495.1000061035156,497.3999938964844,492.0539855957031,494.3999938964844,481.5794982910156,683845,6.250830442464746,7.066208384095076,-0.81537794163033,False,False,-1.7461046335194137,0.4669696912646468,428.00799560546875,False,"(0, 0, 0, 0)",
2021-07-06,491.0,502.0,491.0,502.0,488.9823913574219,1855863,6.5075239131805915,6.954469496423811,-0.4469455832432194,False,False,-1.7461046335194137,0.25596723968503815,428.00799560546875,True,"(0, 0, 0, 0)",
2021-07-07,499.6000061035156,508.79998779296875,497.2179870605469,508.6000061035156,495.4112548828125,2381870,7.150257664166986,6.993627688856843,0.15662997531014344,True,False,-1.7461046335194137,0.0,428.00799560546875,True,"(0, 0, 0, 0)",
2021-07-08,507.3999938964844,507.6000061035156,494.6000061035156,498.3999938964844,485.4757385253906,1795123,6.773174144948143,6.949536476642456,-0.17636233169431303,False,True,-1.7461046335194137,0.10100330089545702,428.00799560546875,False,"(0, 0, 0, 0)",
2021-07-09,500.0,501.0,494.20001220703125,495.29998779296875,482.45611572265625,2039793,6.157321472351896,6.791092028491716,-0.6337705561398197,False,False,-1.2760118866398056,0.4966807619706143,435.79998779296875,False,"(0, 0, 0, 0)",
2021-07-12,496.0,502.3999938964844,495.6000061035156,499.20001220703125,486.2550354003906,1801996,5.910813716254779,6.615035079506731,-0.7042213632519516,False,False,-0.9337886469406862,0.7541549852411982,438.8999938964844,False,"(0, 0, 0, 0)",
2021-07-13,499.29998779296875,504.20001220703125,495.6000061035156,504.20001220703125,491.1253662109375,1514317,6.043263517721584,6.500680098629735,-0.4574165809081503,False,False,-0.81537794163033,0.5609871907910043,438.8999938964844,True,"(0, 0, 0, 0)",
2021-07-14,503.6000061035156,505.20001220703125,496.8999938964844,504.20001220703125,491.1253662109375,1675449,6.077994958491445,6.416142675237012,-0.3381477167455671,False,False,-0.81537794163033,0.41471285827213855,438.8999938964844,True,"(0, 0, 0, 0)",
2021-07-15,590.0,596.2000122070312,562.7999877929688,595.5999755859375,580.1552124023438,16207748,13.23597376247443,7.78011399590707,5.45585976656736,True,False,-0.81537794163033,0.0,445.7080078125,True,"(0, 0, 0, 0)",
2021-07-16,599.0,611.2659912109375,592.7999877929688,609.4000244140625,593.5973510742188,9869744,19.780132961498623,10.180124972631084,9.600007988867539,False,False,-0.81537794163033,0.0,449.6109924316406,True,"(0, 0, 0, 0)",
2021-07-19,605.0,605.9940185546875,597.718017578125,604.5999755859375,588.9218139648438,7152479,24.301903390758525,13.004487419261032,11.297415971497493,False,False,-0.81537794163033,0.0,449.6109924316406,True,"(0, 0, 0, 0)",
2021-07-20,592.2000122070312,602.2000122070312,587.5999755859375,590.0,574.700439453125,4227731,26.413576898204383,15.686310452402003,10.72726644580238,False,False,-0.81537794163033,0.0,458.3999938964844,False,"(0, 0, 0, 0)",
2021-07-21,585.0,589.0,575.7999877929688,581.4000244140625,566.323486328125,3651370,27.086608151935707,17.966373486495172,9.120234665440535,False,False,-0.81537794163033,0.0,461.5,False,"(0, 0, 0, 0)",
2021-07-22,580.2000122070312,584.0,573.5999755859375,580.0,564.9597778320312,4020774,27.19401368779154,19.811903789368014,7.382109898423526,False,False,-0.81537794163033,0.0,461.5,False,"(0, 0, 0, 0)",
2021-07-23,580.5999755859375,582.4000244140625,574.0,578.5999755859375,563.5960693359375,5797339,26.85705498200889,21.22093540987038,5.636119572138512,False,False,-0.81537794163033,0.0,461.5,False,"(0, 0, 0, 0)",
2021-07-26,578.4000244140625,579.4000244140625,572.02099609375,578.2000122070312,563.2064208984375,2135300,26.254988042087803,22.227746726295994,4.027241315791809,False,False,-0.81537794163033,0.0,461.5,False,"(0, 0, 0, 0)",
2021-07-27,578.2000122070312,579.7999877929688,571.0,573.2000122070312,558.3361206054688,1579286,25.08763135680306,22.79972401143337,2.287907345369689,False,False,-0.81537794163033,0.0,461.5,False,"(0, 0, 0, 0)",
2021-07-28,573.5999755859375,577.5999755859375,566.4000244140625,569.4000244140625,554.6346435546875,2431312,23.585689305750634,22.956917149234208,0.6287721565164262,False,False,-0.81537794163033,0.0,461.5,False,"(0, 0, 0, 0)",
2021-07-29,570.7999877929688,572.5999755859375,563.5999755859375,572.2000122070312,557.362060546875,3372677,22.362083968423008,22.837950465278947,-0.4758664968559394,False,True,-0.81537794163033,0.5836146313995875,462.29998779296875,False,"(0, 0, 0, 0)",
2021-07-30,571.2000122070312,581.093994140625,566.4000244140625,580.0,564.9597778320312,2743079,21.76732006733505,22.623824316872682,-0.8565042495376325,False,False,-0.8565042495376325,1.0,465.8999938964844,False,"(1, 0, 0, 0)",
2021-08-02,584.0,589.7999877929688,578.2000122070312,588.2000122070312,572.9471435546875,1402579,21.703998334915582,22.439859073181943,-0.7358607382663607,False,False,-0.8565042495376325,0.8591442934037993,468.05999755859375,True,"(1, 0, 0, 0)",
2021-08-03,583.5999755859375,587.0,579.2000122070312,581.4000244140625,566.323486328125,2201495,20.866909933916645,22.125269180621494,-1.258359246704849,False,False,-1.258359246704849,1.0,469.8999938964844,False,"(1, 0, 0, 0)",
2021-08-04,584.0,585.5999755859375,578.2000122070312,579.7999877929688,564.764892578125,2475290,19.84605111461815,21.66942549241154,-1.8233743777933924,False,False,-1.8233743777933924,1.0,474.20001220703125,False,"(1, 0, 0, 0)",
2021-08-05,578.2000122070312,581.0,573.7999877929688,580.0,564.9597778320312,3956365,18.83585865597263,21.102712050521394,-2.2668533945487646,False,False,-2.2668533945487646,1.0,474.20001220703125,False,"(1, 0, 0, 0)",
2021-08-06,583.7999877929688,583.7999877929688,573.905029296875,577.4000244140625,562.4271850585938,1156895,17.62300669878323,20.406770906882603,-2.783764208099374,False,False,-2.783764208099374,1.0,474.20001220703125,False,"(1, 0, 0, 0)",
2021-08-09,582.4000244140625,582.4000244140625,573.344970703125,575.2000122070312,560.2842407226562,2335857,16.2969608507658,19.584808826409073,-3.287847975643274,False,False,-3.287847975643274,1.0,474.20001220703125,False,"(1, 0, 0, 0)",
2021-08-10,575.2000122070312,576.5999755859375,564.7999877929688,568.4000244140625,553.6605834960938,2273995,14.531511066406892,18.57414920629031,-4.042638139883419,False,False,-4.042638139883419,1.0,474.20001220703125,False,"(1, 0, 0, 0)",
2021-08-11,595.0,595.0,579.2000122070312,586.0,570.8041381835938,23072582,14.382623568162217,17.735844033463366,-3.353220465301149,False,False,-4.042638139883419,0.8294634219717347,474.20001220703125,True,"(1, 0, 0, 0)",
2021-08-12,586.0,591.7999877929688,580.2000122070312,590.5999755859375,575.2848510742188,7128441,14.467969240586967,17.082269046695533,-2.6142998061085656,False,False,-4.042638139883419,0.6466816261185219,486.20001220703125,True,"(1, 0, 0, 0)",
2021-08-13,591.0,596.7999877929688,583.2000122070312,595.2000122070312,579.7655639648438,3231929,14.735934503098406,16.6130021217823,-1.8770676186838955,False,False,-4.042638139883419,0.464317496083888,486.20001220703125,True,"(1, 0, 0, 0)",
2021-08-16,592.2000122070312,599.4000244140625,589.0,596.4000244140625,580.9345092773438,2446557,14.873386858632557,16.265079059547244,-1.3916922009146866,False,False,-4.042638139883419,0.34425346834402054,486.20001220703125,True,"(1, 0, 0, 0)",
2021-08-17,597.0,601.0,592.0,601.0,585.4151611328125,2561848,15.177688279733161,16.047600898781294,-0.869912619048133,False,False,-4.042638139883419,0.2151843892397501,488.79998779296875,True,"(1, 0, 0, 0)",
2021-08-18,600.0,600.0,593.4000244140625,593.4000244140625,578.0122680664062,4508553,14.638002358410745,15.765681185726093,-1.1276788273153482,False,False,-4.042638139883419,0.2789462693160729,488.79998779296875,False,"(1, 0, 0, 0)",
2021-08-19,595.0,597.4000244140625,590.7999877929688,596.7999877929688,581.3240966796875,5400248,14.31904538817912,15.476354022127122,-1.157308633948002,False,False,-4.042638139883419,0.28627559378376033,488.79998779296875,False,"(1, 0, 0, 0)",
2021-08-20,596.7999877929688,602.5999755859375,593.0,602.5999755859375,586.9736328125,6890239,14.367827509054791,15.25464871700565,-0.8868212079508595,False,False,-4.042638139883419,0.21936695228834743,488.79998779296875,True,"(1, 0, 0, 0)",
2021-08-23,603.5999755859375,609.7999877929688,595.4000244140625,607.2000122070312,591.4544677734375,5960056,14.60865003280901,15.12544897899755,-0.5167989461885405,False,False,-4.042638139883419,0.12783705301000398,488.79998779296875,True,"(1, 0, 0, 0)",
2021-08-24,600.2000122070312,606.5999755859375,595.7999877929688,598.0,582.4929809570312,4985646,13.897963455181525,14.879951872457681,-0.9819884172761562,False,False,-4.042638139883419,0.24290781991792978,488.79998779296875,False,"(1, 0, 0, 0)",
2021-08-25,600.0,605.7999877929688,598.4000244140625,605.0,589.3114624023438,13839810,13.740408267952603,14.652043150237164,-0.9116348822845612,False,False,-4.042638139883419,0.22550494274781935,488.79998779296875,True,"(1, 0, 0, 0)",
2021-08-26,606.0,606.0,600.0,602.5999755859375,586.9736328125,1733708,13.269134807335035,14.375461480375698,-1.1063266730406625,False,False,-4.042638139883419,0.27366453161513155,490.6000061035156,False,"(1, 0, 0, 0)",
2021-08-27,606.0,606.0,598.448974609375,601.4000244140625,585.8048706054688,10973511,12.653052982760869,14.030979779576306,-1.3779267968154372,False,False,-4.042638139883419,0.3408484136191259,491.0,False,"(1, 0, 0, 0)",
2021-08-31,598.2000122070312,598.7999877929688,590.5999755859375,597.7999877929688,582.2981567382812,3344310,11.739278288113383,13.572639479925073,-1.83336119181169,False,False,-4.042638139883419,0.4535061334637684,491.0,False,"(1, 0, 0, 0)",
2021-09-01,599.4000244140625,601.5999755859375,593.4000244140625,595.0,579.57080078125,3114361,10.666423923492516,12.991396367260187,-2.3249724437676704,False,False,-4.042638139883419,0.5751126772466253,494.20001220703125,False,"(1, 0, 0, 0)",
2021-09-02,593.0,596.2000122070312,590.5999755859375,592.7999877929688,577.4277954101562,19487156,9.528966309490443,12.298910354392497,-2.7699440449020543,False,False,-4.042638139883419,0.685182286679246,494.20001220703125,False,"(1, 0, 0, 0)",
2021-09-03,593.0,595.0,589.4000244140625,593.7999877929688,578.40185546875,4178799,8.608903307485889,11.560908943891103,-2.9520056364052145,False,False,-4.042638139883419,0.7302176287512946,494.20001220703125,False,"(1, 0, 0, 0)",
2021-09-06,595.5999755859375,595.5999755859375,591.5999755859375,592.0,576.6485595703125,1144348,7.646467436465741,10.778020641455475,-3.131553204989734,False,False,-4.042638139883419,0.7746310940113085,495.6000061035156,False,"(1, 0, 0, 0)",
2021-09-07,592.0,594.2000122070312,591.0,592.5999755859375,577.2329711914062,17812996,6.853106563614574,9.993037825124814,-3.13993126151024,False,False,-4.042638139883419,0.7767035170753098,495.6000061035156,False,"(1, 0, 0, 0)",
2021-09-08,593.0,594.2470092773438,589.0,592.2000122070312,576.8434448242188,14758900,6.1215418606918774,9.218738631636542,-3.097196770944665,False,False,-4.042638139883419,0.7661325757526202,496.8999938964844,True,"(1, 0, 0, 0)",
2021-09-09,587.7999877929688,589.2000122070312,584.1339721679688,588.0,577.4326171875,2779582,5.143779238070238,8.40374675241664,-3.2599675143464015,False,False,-4.042638139883419,0.8063960714624862,562.7999877929688,False,"(1, 0, 0, 0)",
2021-09-10,596.4000244140625,597.39599609375,588.4000244140625,589.4000244140625,578.8074951171875,1326699,4.430726313681021,7.609142664274341,-3.17841635059332,False,False,-4.042638139883419,0.7862233127511579,563.5999755859375,True,"(1, 0, 0, 0)",
2021-09-13,589.4000244140625,589.5999755859375,584.0,585.5850219726562,575.06103515625,773002,3.517404711180916,6.79079507333007,-3.2733903621491542,False,False,-4.042638139883419,0.8097163903577954,563.5999755859375,False,"(1, 0, 0, 0)",
2021-09-14,585.5999755859375,586.2000122070312,581.4000244140625,584.0,573.5045166015625,6101175,2.635378130501067,5.959711684499747,-3.32433355399868,False,False,-4.042638139883419,0.8223178624873279,563.5999755859375,False,"(1, 0, 0, 0)",
2021-09-15,584.4000244140625,585.2000122070312,578.4000244140625,580.0,569.5763549804688,4738547,1.5953579342100284,5.086840934219545,-3.4914830000095165,False,False,-4.042638139883419,0.8636644881874596,563.5999755859375,False,"(1, 0, 0, 0)",
2021-09-16,580.0,583.0,576.5999755859375,578.5999755859375,568.2015380859375,7085995,0.6507141156703256,4.1996155703289695,-3.548901454658644,False,False,-4.042638139883419,0.8778677021933471,563.5999755859375,False,"(1, 0, 0, 0)",
2021-09-17,581.7999877929688,582.2000122070312,575.0,575.0,564.666259765625,15269155,-0.3838689541696567,3.2829186652798565,-3.6667876194495133,False,False,-4.042638139883419,0.9070284038717489,563.5999755859375,False,"(1, 0, 0, 0)",
2021-09-20,577.0,578.7999877929688,570.0,571.7999877929688,561.5237426757812,5027112,-1.4452403024264413,2.337286871615315,-3.782527174041756,False,False,-4.042638139883419,0.9356581131327367,563.5999755859375,False,"(1, 0, 0, 0)",
2021-09-21,573.0,575.5999755859375,570.7999877929688,572.0,561.7201538085938,3269839,-2.244374498407751,1.4209545975151319,-3.665329095922883,False,False,-4.042638139883419,0.9066676187912736,563.5999755859375,True,"(1, 0, 0, 0)",
2021-09-22,573.0,574.7999877929688,570.7999877929688,572.0,561.7201538085938,2742968,-2.8448960441160125,0.5677844691177173,-3.4126805132337297,False,False,-4.042638139883419,0.8441716510724218,563.5999755859375,True,"(1, 0, 0, 0)",
2021-09-23,572.5999755859375,575.5999755859375,566.7999877929688,568.4000244140625,558.1848754882812,2889517,-3.5700614086648557,-0.25978470649403707,-3.3102767021708184,False,False,-4.042638139883419,0.8188407143129263,563.5999755859375,True,"(1, 0, 0, 0)",
2021-09-24,569.7999877929688,572.0,564.7999877929688,572.0,561.7201538085938,4272626,-3.8104215789444424,-0.9699120810220384,-2.840509497922404,False,False,-4.042638139883419,0.7026375845759766,564.7999877929688,True,"(1, 0, 0, 0)",
2021-09-27,578.7999877929688,578.7999877929688,565.7999877929688,568.0,557.7920532226562,13901911,-4.274321712876372,-1.6307940074211376,-2.6435277054552344,False,False,-4.042638139883419,0.6539115335045714,564.7999877929688,True,"(1, 0, 0, 0)",
2021-09-28,568.0,574.0,565.0,570.2000122070312,559.9525146484375,7317482,-4.413603604288255,-2.1873559268135816,-2.2262476774746736,False,False,-4.042638139883419,0.5506918008592463,564.7999877929688,True,"(1, 0, 0, 0)",
2021-09-29,567.4000244140625,573.7999877929688,567.4000244140625,570.4000244140625,560.14892578125,5348267,-4.45647606576199,-2.641179954615671,-1.8152961111463188,False,False,-4.042638139883419,0.44903749688530575,564.7999877929688,True,"(1, 0, 0, 0)",
2021-09-30,572.5999755859375,574.0,565.2000122070312,567.7999877929688,557.5956420898438,2624730,-4.646647616523069,-3.0422734870059234,-1.6043741295171454,False,False,-4.042638139883419,0.396863155692538,564.7999877929688,True,"(1, 0, 0, 0)",
2021-10-01,568.7999877929688,568.7999877929688,563.5999755859375,565.5999755859375,555.4351806640625,8247058,-4.91815503190935,-3.4174497959931727,-1.5007052359161777,False,False,-4.042638139883419,0.3712192840389753,563.5999755859375,True,"(1, 0, 0, 0)",
2021-10-04,563.2000122070312,565.4000244140625,557.0,557.0,546.98974609375,9697789,-5.760748096691032,-3.886109456139305,-1.8746386405517268,False,False,-4.042638139883419,0.46371665622434055,557.0,False,"(1, 0, 0, 0)",
2021-10-05,558.4000244140625,562.7999877929688,557.2000122070312,562.0,551.89990234375,2822855,-5.95644832586629,-4.300177230089338,-1.656271095776952,False,False,-4.042638139883419,0.40970055653428217,557.0,True,"(1, 0, 0, 0)",
2021-10-06,562.2000122070312,563.5999755859375,558.7999877929688,563.0,552.8818969726562,3866437,-5.962132472139615,-4.632568278502372,-1.3295641936372427,False,False,-3.782527174041756,0.35150155767858215,557.0,True,"(1, 0, 0, 0)",
2021-10-07,568.0,568.0,563.2000122070312,565.4000244140625,555.23876953125,1982130,-5.707210392676643,-4.847496701338766,-0.8597136913378769,False,False,-3.782527174041756,0.22728552943064365,557.0,True,"(1, 0, 0, 0)",
2021-10-08,566.2000122070312,567.2540283203125,561.7999877929688,563.5999755859375,553.4710693359375,1707304,-5.5860206420099985,-4.99520148947386,-0.5908191525361381,False,False,-3.782527174041756,0.1561969353692252,557.0,True,"(1, 0, 0, 0)",
2021-10-11,561.0,566.5999755859375,561.0,565.0,554.845947265625,2435409,-5.315741893303652,-5.059309570240113,-0.2564323230635397,False,False,-3.782527174041756,0.06779391429712671,557.0,True,"(1, 0, 0, 0)",
2021-10-12,562.0,566.0,561.2000122070312,563.7999877929688,553.6675415039062,1862983,-5.139123389287192,-5.075272334049588,-0.06385105523760437,False,False,-3.782527174041756,0.01688052783223693,557.0,True,"(1, 0, 0, 0)",
2021-10-13,565.7999877929688,566.0,559.0,562.0,551.89990234375,2303156,-5.085755527179572,-5.0773689726755915,-0.008386554503980292,False,False,-3.782527174041756,0.0022171828827918186,557.0,True,"(1, 0, 0, 0)",
2021-10-14,563.5999755859375,565.7999877929688,548.5999755859375,561.4000244140625,551.3106689453125,4945071,-5.033841931068309,-5.0686635643541145,0.03482163328580512,True,False,-3.782527174041756,0.0,548.5999755859375,True,"(1, 0, 0, 0)",
2021-10-15,561.5999755859375,561.7999877929688,554.0,560.5999755859375,550.5250244140625,5340316,-4.999618632890474,-5.05485457806136,0.05523594517088615,False,False,-3.782527174041756,0.0,548.5999755859375,True,"(1, 0, 0, 0)",
2021-10-18,555.2000122070312,563.5999755859375,555.2000122070312,563.0,552.8818969726562,1441690,-4.724389030088446,-4.988761468466677,0.2643724383782313,False,False,-3.782527174041756,0.0,548.5999755859375,True,"(1, 0, 0, 0)",
2021-10-19,564.4000244140625,567.0,556.5999755859375,561.4000244140625,551.3106689453125,935030,-4.582537885067609,-4.9075167517867655,0.32497886671915666,False,False,-3.782527174041756,0.0,548.5999755859375,True,"(1, 0, 0, 0)",
2021-10-20,569.0,569.0,558.343994140625,560.2000122070312,550.1322631835938,1283277,-4.514898920772907,-4.8289931855839185,0.3140942648110112,False,False,-3.782527174041756,0.0,548.5999755859375,False,"(1, 0, 0, 0)",
2021-10-21,565.2000122070312,570.0,559.0,565.0,554.845947265625,1001686,-4.027571709502922,-4.668708890367595,0.6411371808646731,False,False,-3.782527174041756,0.0,548.5999755859375,True,"(1, 0, 0, 0)",
2021-10-22,564.7999877929688,565.2000122070312,558.7999877929688,560.5999755859375,550.5250244140625,1705069,-3.9508433106332177,-4.52513577442063,0.5742924637874127,False,False,-3.782527174041756,0.0,548.5999755859375,False,"(1, 0, 0, 0)",
2021-10-25,561.0,564.0,555.0,561.4000244140625,551.3106689453125,1673522,-3.7818860801957044,-4.376485835575572,0.5945997553798676,False,False,-3.782527174041756,0.0,548.5999755859375,True,"(1, 0, 0, 0)",
2021-10-26,563.4000244140625,564.5999755859375,558.5999755859375,562.2000122070312,552.0963134765625,2611903,-3.54259993816504,-4.2097086560934,0.6671087179283601,False,False,-3.782527174041756,0.0,548.5999755859375,True,"(1, 0, 0, 0)",
2021-10-27,566.5999755859375,566.5999755859375,560.0,563.7999877929688,553.6675415039062,901706,-3.1871257465111285,-4.005192074176882,0.8180663276657532,False,False,-3.782527174041756,0.0,548.5999755859375,True,"(1, 0, 0, 0)",
2021-10-28,565.0,565.0,557.2000122070312,559.0,548.9537963867188,648042,-3.2551886543744786,-3.8551913902163637,0.6000027358418851,False,False,-3.782527174041756,0.0,548.5999755859375,False,"(1, 0, 0, 0)",
2021-10-29,560.4000244140625,562.5999755859375,554.2000122070312,559.5999755859375,549.54296875,8509549,-3.223558424291582,-3.728864797031382,0.5053063727398,False,False,-3.782527174041756,0.0,548.5999755859375,False,"(1, 0, 0, 0)",
2021-11-01,564.5999755859375,564.5999755859375,554.3579711914062,558.7999877929688,548.7573852539062,605506,-3.2258553875016105,-3.6282629151254118,0.4024075276238013,False,False,-3.782527174041756,0.0,548.5999755859375,False,"(1, 0, 0, 0)",
2021-11-02,562.4000244140625,562.5999755859375,556.5999755859375,561.0,550.9178466796875,770824,-3.0153992125700597,-3.5056901746143256,0.4902909620442659,False,False,-3.782527174041756,0.0,548.5999755859375,True,"(1, 0, 0, 0)",
2021-11-03,562.2000122070312,562.2000122070312,556.2000122070312,560.0,549.935791015625,2130329,-2.8959178858254973,-3.3837357168565467,0.4878178310310495,False,False,-3.782527174041756,0.0,548.5999755859375,False,"(1, 0, 0, 0)",
2021-11-04,561.0,564.5999755859375,556.7999877929688,564.5999755859375,554.453125,2817302,-2.4023659850427066,-3.1874617704937624,0.7850957854510558,False,False,-3.782527174041756,0.0,548.5999755859375,True,"(1, 0, 0, 0)",
2021-11-05,557.2000122070312,568.4000244140625,557.2000122070312,564.4000244140625,554.2567749023438,1323792,-2.0042527472661504,-2.9508199658482246,0.9465672185820742,False,False,-3.782527174041756,0.0,548.5999755859375,True,"(1, 0, 0, 0)",
2021-11-08,570.2000122070312,570.2000122070312,564.2000122070312,568.5999755859375,558.3812255859375,1664747,-1.3344695486963474,-2.6275498824178323,1.293080333721485,False,False,-3.782527174041756,0.0,548.5999755859375,True,"(1, 0, 0, 0)",
2021-11-09,565.4000244140625,569.0,564.4000244140625,565.0,554.845947265625,2208379,-1.081674132119474,-2.3183747323581474,1.2367006002386733,False,False,-3.782527174041756,0.0,548.5999755859375,False,"(1, 0, 0, 0)",
2021-11-10,565.5999755859375,565.7999877929688,561.2000122070312,561.2000122070312,551.1142578125,5899385,-1.1744148543136816,-2.0895827567492464,0.9151679024355648,False,False,-3.782527174041756,0.0,548.5999755859375,False,"(1, 0, 0, 0)",
2021-11-11,560.0,565.0,559.5999755859375,562.0,551.89990234375,4455732,-1.169875808397478,-1.9056413670788876,0.7357655586814096,False,False,-3.782527174041756,0.0,548.5999755859375,False,"(1, 0, 0, 0)",
2021-11-12,563.2000122070312,563.5999755859375,558.7999877929688,558.7999877929688,548.7573852539062,6795971,-1.408254655810424,-1.8061640248251927,0.3979093690147686,False,False,-3.782527174041756,0.0,548.5999755859375,False,"(1, 0, 0, 0)",
2021-11-15,592.0,599.7999877929688,588.7999877929688,598.2000122070312,587.4492797851562,21726731,1.5639993914069237,-1.132131341578758,2.6961307329856816,False,False,-3.665329095922883,0.0,548.5999755859375,True,"(1, 0, 0, 0)",
2021-11-16,598.0,598.7999877929688,595.5590209960938,597.0,586.2708740234375,18218205,3.779138598523673,-0.14987735355825835,3.929015952081931,False,False,-3.4126805132337297,0.0,548.5999755859375,True,"(1, 0, 0, 0)",
2021-11-17,595.2000122070312,598.0,594.2000122070312,596.0,585.288818359375,4461021,5.391808053700174,0.95845972789344,4.433348325806734,False,False,-3.3102767021708184,0.0,548.5999755859375,True,"(1, 0, 0, 0)",
2021-11-18,595.4000244140625,595.7999877929688,592.2000122070312,593.7999877929688,583.1283569335938,10796803,6.418352833680842,2.0504383490509297,4.367914484629912,False,False,-2.840509497922404,0.0,548.5999755859375,False,"(1, 0, 0, 0)",
2021-11-19,594.7999877929688,596.2000122070312,591.0,595.4000244140625,584.6996459960938,7527913,7.277118598973971,3.095774399035545,4.181344199938426,False,False,-2.6435277054552344,0.0,548.5999755859375,False,"(1, 0, 0, 0)",
2021-11-22,593.7999877929688,596.5999755859375,593.2000122070312,595.7999877929688,585.0924072265625,6666517,7.898915949271668,4.056402709082775,3.842513240188893,False,False,-2.2262476774746736,0.0,548.5999755859375,False,"(1, 0, 0, 0)",
2021-11-23,592.7999877929688,599.0,592.7999877929688,596.4000244140625,585.681640625,3006752,8.343928425187414,4.913907852303707,3.4300205728837074,False,False,-1.8746386405517268,0.0,548.5999755859375,False,"(1, 0, 0, 0)",
2021-11-24,596.4000244140625,603.0,595.0,600.0,589.2169189453125,5495415,8.884671973235982,5.708060676490165,3.1766112967458167,False,False,-1.8746386405517268,0.0,548.5999755859375,False,"(1, 0, 0, 0)",
2021-11-25,600.0,603.5999755859375,599.0,601.0,590.198974609375,10756194,9.286852788609963,6.423819098914126,2.863033689695837,False,False,-1.8746386405517268,0.0,548.5999755859375,False,"(1, 0, 0, 0)",
2021-11-26,597.2000122070312,601.7999877929688,597.2000122070312,601.7999877929688,590.9845581054688,8512542,9.5599346179647,7.0510422027242425,2.5088924152404575,False,False,-1.8746386405517268,0.0,548.5999755859375,False,"(1, 0, 0, 0)",
2021-11-29,602.0,604.7999877929688,598.2000122070312,604.7999877929688,593.9306640625,1418989,9.90425672839092,7.621685107857579,2.28257162053334,False,False,-1.656271095776952,0.0,548.5999755859375,False,"(1, 0, 0, 0)",
2021-11-30,603.7999877929688,609.0,600.5999755859375,605.7999877929688,594.9127197265625,3781003,10.140927094261997,8.125533505138463,2.0153935891235335,False,False,-1.3295641936372427,0.0,548.5999755859375,False,"(1, 0, 0, 0)",
2021-12-01,605.7999877929688,607.0,602.7999877929688,605.0,594.1270751953125,1920389,10.146970065323785,8.529820817175528,1.617149248148257,False,False,-0.8597136913378769,0.0,548.5999755859375,False,"(1, 0, 0, 0)",
2021-12-02,602.0,604.0830078125,601.0,602.0,591.1810302734375,2394203,9.796754711024846,8.783207595945392,1.0135471150794544,False,False,-0.5908191525361381,0.0,548.5999755859375,False,"(1, 0, 0, 0)",
2021-12-03,597.5999755859375,607.5999755859375,597.5999755859375,605.0,594.1270751953125,3619154,9.650040332637445,8.956574143283802,0.6934661893536429,False,False,-0.2564323230635397,0.0,548.5999755859375,False,"(1, 0, 0, 0)",
2021-12-06,606.0,606.2000122070312,601.7999877929688,605.5999755859375,594.71630859375,2280685,9.472982163136294,9.059855747254302,0.41312641588199206,False,False,-0.06385105523760437,0.0,548.5999755859375,False,"(1, 0, 0, 0)",
2021-12-07,610.0,611.4000244140625,603.2000122070312,611.4000244140625,600.412109375,1408069,9.688986793566983,9.185681956516838,0.5033048370501447,False,False,-0.008386554503980292,0.0,548.5999755859375,True,"(1, 0, 0, 0)",
2021-12-08,612.2000122070312,615.0,608.0,614.0,602.96533203125,2608075,9.955209821739231,9.339587529561317,0.615622292177914,False,False,0.03482163328580512,0.0,548.5999755859375,True,"(1, 0, 0, 0)",
2021-12-09,614.4000244140625,615.2000122070312,611.0,614.5999755859375,603.5545654296875,3583384,10.098200445045109,9.491310112658075,0.6068903323870334,False,False,0.05523594517088615,0.0,554.0,False,"(1, 0, 0, 0)",
2021-12-10,618.7999877929688,618.7999877929688,609.2000122070312,613.5999755859375,602.572509765625,1953282,10.015379078390652,9.59612390580459,0.4192551725860607,False,False,0.2643724383782313,0.0,554.2000122070312,False,"(1, 0, 0, 0)",
2021-12-13,613.5999755859375,617.0,612.2000122070312,614.5999755859375,603.5545654296875,2493046,9.916126900311042,9.660124504705882,0.2560023956051598,False,False,0.2560023956051598,0.0,554.2000122070312,False,"(1, 0, 0, 0)",
2021-12-14,617.0,617.4000244140625,609.4000244140625,612.7999877929688,601.7869262695312,4310291,9.581772574919,9.644454118748506,-0.06268154382950542,False,True,-0.06268154382950542,1.0,554.2000122070312,False,"(0, 1, 0, 0)",
2021-12-15,617.0,618.7999877929688,606.5999755859375,613.2000122070312,602.1797485351562,4157480,9.242530706012644,9.564069436201335,-0.3215387301886903,False,False,-0.3215387301886903,1.0,554.2000122070312,False,"(1, 0, 0, 0)",
2021-12-16,616.0,616.5999755859375,610.5999755859375,611.0,600.019287109375,2370553,8.695915841491228,9.390438717259313,-0.6945228757680848,False,False,-0.6945228757680848,1.0,554.2000122070312,False,"(1, 0, 0, 0)",
2021-12-17,610.0,618.4000244140625,610.0,614.4000244140625,603.358154296875,14578101,8.43978385469677,9.200307744746805,-0.7605238900500346,False,False,-0.7605238900500346,1.0,554.2000122070312,False,"(1, 0, 0, 0)",
2021-12-20,606.5999755859375,615.2000122070312,606.5999755859375,614.7999877929688,603.7509765625,1133239,8.174836573855828,8.99521351056861,-0.8203769367127816,False,False,-0.8203769367127816,1.0,554.2000122070312,False,"(1, 0, 0, 0)",
2021-12-21,609.5999755859375,618.9869995117188,601.8800048828125,616.4000244140625,605.3222045898438,718595,8.00173419804264,8.796517648063416,-0.7947834500207751,False,False,-0.8203769367127816,0.9688027715716161,554.2000122070312,True,"(1, 0, 0, 0)",
2021-12-22,616.7999877929688,616.7999877929688,610.7999877929688,616.2000122070312,605.1257934570312,7065516,7.758969440640044,8.589008006578743,-0.8300385659386986,False,False,-0.8300385659386986,1.0,554.2000122070312,False,"(1, 0, 0, 0)",
2021-12-23,616.5999755859375,616.5999755859375,605.7999877929688,612.7999877929688,601.7869262695312,2461471,7.209121309863349,8.313030667235664,-1.1039093573723147,False,False,-1.1039093573723147,1.0,554.2000122070312,False,"(1, 0, 0, 0)",
2021-12-24,616.5999755859375,617.3300170898438,608.4000244140625,609.2000122070312,598.2516479492188,102049,6.408996346140839,7.932223803016699,-1.5232274568758601,False,False,-1.5232274568758601,1.0,554.3579711914062,False,"(1, 0, 0, 0)",
2021-12-29,619.7999877929688,619.7999877929688,609.4000244140625,611.7999877929688,600.8048706054688,1061196,5.916485928220027,7.529076228057366,-1.612590299837339,False,False,-1.612590299837339,1.0,556.2000122070312,False,"(1, 0, 0, 0)",
2021-12-30,613.2000122070312,613.2000122070312,608.7999877929688,608.7999877929688,597.8587646484375,2541535,5.223875719994794,7.068036126444852,-1.844160406450058,False,False,-1.844160406450058,1.0,556.2000122070312,False,"(1, 0, 0, 0)",
2021-12-31,599.0,608.7999877929688,599.0,607.2000122070312,596.2875366210938,315348,4.494067844573351,6.553242470070551,-2.0591746254972003,False,False,-2.0591746254972003,1.0,556.7999877929688,False,"(1, 0, 0, 0)",
2022-01-04,610.0,616.4000244140625,608.2000122070312,609.0,598.05517578125,3523202,4.014655179153351,6.045525011887112,-2.030869832733761,False,False,-2.0591746254972003,0.986254301887289,557.2000122070312,True,"(1, 0, 0, 0)",
2022-01-05,606.4000244140625,612.0,605.5999755859375,612.0,601.0012817382812,1603653,3.8326118543222947,5.60294238037415,-1.770330526051855,False,False,-2.0591746254972003,0.8597282154369972,558.7999877929688,True,"(1, 0, 0, 0)",
2022-01-06,609.2000122070312,616.4000244140625,606.0560302734375,614.0,602.96533203125,866518,3.805852803261473,5.243524464951615,-1.4376716616901417,False,False,-2.0591746254972003,0.6981786021877611,558.7999877929688,True,"(1, 0, 0, 0)",
2022-01-07,610.7999877929688,613.4000244140625,608.7999877929688,610.0,599.0372314453125,1549128,3.422428199555384,4.879305211872369,-1.4568770123169852,False,False,-2.0591746254972003,0.7075053248411185,558.7999877929688,False,"(1, 0, 0, 0)",
2022-01-10,609.7999877929688,611.4000244140625,603.2000122070312,608.2000122070312,597.2695922851562,1967226,2.9394336435336754,4.49133089820463,-1.5518972546709549,False,False,-2.0591746254972003,0.7536501447983023,558.7999877929688,False,"(1, 0, 0, 0)",
2022-01-11,610.2000122070312,611.7999877929688,605.4000244140625,611.7999877929688,600.8048706054688,1159836,2.814698568332801,4.156004432230264,-1.341305863897463,False,False,-2.0591746254972003,0.6513803381651503,558.7999877929688,True,"(1, 0, 0, 0)",
2022-01-12,618.0,618.0,603.7999877929688,603.7999877929688,592.9486694335938,1658070,2.0467192076632728,3.734147387316866,-1.687428179653593,False,False,-2.0591746254972003,0.8194682271039316,588.7999877929688,False,"(1, 0, 0, 0)",
2022-01-13,600.0,606.5999755859375,600.0,602.0,591.1810302734375,11501537,1.2781128843540728,3.2429404867243075,-1.9648276023702347,False,False,-2.0591746254972003,0.9541821164855385,591.0,False,"(1, 0, 0, 0)",
2022-01-14,600.0,603.2000122070312,599.2000122070312,603.0,592.1630249023438,4619883,0.7411350810435806,2.7425794055881623,-2.0014443245445817,False,False,-2.0591746254972003,0.9719643490951239,591.0,False,"(1, 0, 0, 0)",
2022-01-17,599.0,603.7999877929688,599.0,602.0,591.1810302734375,2866853,0.2322079674310089,2.2405051179567317,-2.0082971505257228,False,False,-2.0591746254972003,0.9752922970487785,591.0,False,"(1, 0, 0, 0)",
2022-01-18,611.7999877929688,611.7999877929688,600.4000244140625,603.2000122070312,592.3594360351562,4227679,-0.07344293214282516,1.7777155079368203,-1.8511584400796455,False,False,-2.0591746254972003,0.8989807941289447,591.0,True,"(1, 0, 0, 0)",
2022-01-19,600.0,607.7999877929688,600.0,601.5999755859375,590.7881469726562,5061569,-0.4397142288619307,1.33422956057707,-1.7739437894390007,False,False,-2.0591746254972003,0.8614829298465501,592.7999877929688,True,"(1, 0, 0, 0)",
2022-01-20,601.0,605.5999755859375,599.0,600.7999877929688,590.0025634765625,3049195,-0.7854845860127853,0.9102867312590989,-1.695771317271884,False,False,-2.0591746254972003,0.823519917288428,592.7999877929688,True,"(1, 0, 0, 0)",
2022-01-21,608.0,608.0,599.0,602.0,591.1810302734375,8931507,-0.9517084705286152,0.537887690901556,-1.4895961614301712,False,False,-2.0591746254972003,0.7233947733162742,595.0,True,"(1, 0, 0, 0)",
2022-01-24,600.0,606.0,599.5999755859375,601.4000244140625,590.591796875,4168731,-1.1189564554427989,0.2065188616326849,-1.3254753170754838,False,False,-2.0591746254972003,0.6436925264439094,597.2000122070312,True,"(1, 0, 0, 0)",
2022-01-25,602.2000122070312,605.4000244140625,601.0,601.0,590.198974609375,2266081,-1.269150325619762,-0.08861497581780456,-1.1805353498019575,False,False,-2.0591746254972003,0.5733051171009403,597.2000122070312,True,"(1, 0, 0, 0)",
2022-01-26,602.7999877929688,604.5999755859375,600.5999755859375,601.7999877929688,590.9845581054688,6126763,-1.3085436671048,-0.33260071407520375,-0.9759429530295963,False,False,-2.0591746254972003,0.4739486107420098,597.5999755859375,True,"(1, 0, 0, 0)",
2022-01-27,597.5999755859375,610.0,597.5999755859375,609.2000122070312,598.2516479492188,2344811,-0.7341800884363465,-0.4129165889474324,-0.32126349948891414,False,False,-2.0591746254972003,0.1560156654569027,597.5999755859375,True,"(1, 0, 0, 0)",
2022-01-28,607.5999755859375,612.2000122070312,606.7999877929688,610.7999877929688,599.8228149414062,6435475,-0.1481800723672677,-0.3599692856313995,0.2117892132641318,True,False,-2.0591746254972003,0.0,597.5999755859375,True,"(1, 0, 0, 0)",
2022-01-31,609.7999877929688,614.0,606.4000244140625,613.2000122070312,602.1797485351562,1508401,0.5040802901054349,-0.1871593704840326,0.6912396605894675,False,False,-2.0591746254972003,0.0,597.5999755859375,True,"(1, 0, 0, 0)",
2022-02-01,597.7999877929688,613.4000244140625,597.7999877929688,610.7999877929688,599.8228149414062,4061425,0.817911096718035,0.013854722956380953,0.8040563737616541,False,False,-2.0591746254972003,0.0,597.5999755859375,True,"(1, 0, 0, 0)",
2022-02-02,605.5999755859375,610.5999755859375,602.4219970703125,608.5999755859375,597.662353515625,2007452,0.8789695049333659,0.18687767935177801,0.6920918255815879,False,False,-2.0591746254972003,0.0,597.5999755859375,False,"(1, 0, 0, 0)",
2022-02-03,600.2000122070312,609.7999877929688,600.2000122070312,603.7999877929688,592.9486694335938,4102080,0.5338856255419842,0.2562792685898193,0.27760635695216485,False,False,-2.0591746254972003,0.0,597.5999755859375,False,"(1, 0, 0, 0)",
2022-02-04,610.4000244140625,620.7999877929688,610.0,620.0,608.8574829101562,7292321,1.5497449735003102,0.5149724095719176,1.0347725639283927,False,False,-2.0591746254972003,0.0,597.5999755859375,True,"(1, 0, 0, 0)",
2022-02-07,620.7999877929688,627.0,617.4000244140625,621.0,609.8395385742188,9801491,2.407757321154918,0.8935293918885179,1.5142279292664,False,False,-2.0591746254972003,0.0,597.5999755859375,True,"(1, 0, 0, 0)",
2022-02-08,622.4000244140625,625.7999877929688,620.0,625.7999877929688,614.5532836914062,5085267,3.435455320701294,1.4019145776510735,2.033540743050221,False,False,-2.0591746254972003,0.0,597.5999755859375,True,"(1, 0, 0, 0)",
2022-02-09,628.0,628.0,621.0,626.4000244140625,615.1425170898438,15794270,4.249347485785506,1.9714011592779606,2.2779463265075455,False,False,-2.0591746254972003,0.0,597.5999755859375,True,"(1, 0, 0, 0)",
2022-02-10,627.4000244140625,631.2000122070312,623.2000122070312,624.0,612.78564453125,12356841,4.647131764932624,2.5065472804088937,2.14058448452373,False,False,-2.0591746254972003,0.0,597.5999755859375,False,"(1, 0, 0, 0)",
2022-02-11,617.5999755859375,627.2000122070312,617.4000244140625,623.4000244140625,612.1964111328125,39473836,4.857966053192968,2.9768310349657088,1.8811350182272588,False,False,-2.0591746254972003,0.0,597.5999755859375,False,"(1, 0, 0, 0)",
2022-02-14,618.5999755859375,627.5999755859375,616.5999755859375,625.7999877929688,614.5532836914062,19084617,5.159238217398638,3.413312471452295,1.745925745946343,False,False,-2.0591746254972003,0.0,597.5999755859375,False,"(1, 0, 0, 0)",
2022-02-15,623.0,627.0,623.0,624.7999877929688,613.5712280273438,32443614,5.256710853760865,3.7819921479140093,1.4747187058468554,False,False,-2.0591746254972003,0.0,597.5999755859375,False,"(1, 0, 0, 0)",
2022-02-16,623.4000244140625,623.6530151367188,620.7999877929688,621.7999877929688,610.6251220703125,44966191,5.033856555428883,4.032365029416985,1.0014915260118986,False,False,-2.0591746254972003,0.0,597.5999755859375,False,"(1, 0, 0, 0)",
2022-02-17,620.7999877929688,623.0,617.6530151367188,618.5999755859375,607.482666015625,8217286,4.546618121509823,4.135215647835553,0.4114024736742703,False,False,-2.0591746254972003,0.0,597.5999755859375,False,"(1, 0, 0, 0)",
2022-02-18,622.0,624.5999755859375,620.7999877929688,623.0,611.8035888671875,7099398,4.464064357637767,4.200985389795996,0.2630789678417713,False,False,-2.0591746254972003,0.0,597.5999755859375,False,"(1, 0, 0, 0)",
2022-02-21,621.5999755859375,622.7999877929688,615.7999877929688,617.7999877929688,606.697021484375,1363545,3.933697205026874,4.147527752842171,-0.21383054781529687,False,True,-2.0591746254972003,0.10384284322834746,597.5999755859375,False,"(0, 1, 0, 0)",
2022-02-22,623.0,625.7999877929688,618.0,619.7999877929688,608.6610717773438,1997717,3.632883071623496,4.044598816598436,-0.41171574497493957,False,False,-2.0591746254972003,0.1999421223809653,597.5999755859375,False,"(0, 1, 0, 0)",
2022-02-23,628.0,628.0,614.0,623.2000122070312,612.0,2340621,3.627029102050983,3.9610848736889452,-0.3340557716379622,False,False,-2.0591746254972003,0.16222799538300564,597.5999755859375,True,"(0, 1, 0, 0)",
2022-02-24,615.0,626.7999877929688,611.4000244140625,622.0,622.0,5302576,3.485381530952168,3.86594420514159,-0.38056267418942236,False,False,-2.0591746254972003,0.18481321082593136,597.5999755859375,False,"(0, 1, 0, 0)",
2022-02-25,626.0,626.239990234375,617.6749877929688,625.0,625.0,11151522,3.5740008636371385,3.8075555368407,-0.2335546732035616,False,False,-2.0591746254972003,0.11342149923160033,597.5999755859375,True,"(0, 1, 0, 0)",
2022-02-28,631.5999755859375,632.2000122070312,612.2000122070312,628.5999755859375,628.5999755859375,10932993,3.889880130535971,3.824020455579755,0.06585967495621636,True,False,-2.030869832733761,0.0,597.5999755859375,True,"(0, 1, 0, 0)",
2022-03-01,630.4000244140625,632.0,625.5999755859375,632.0,632.0,17006617,4.364261770101962,3.9320687184841967,0.432193051617765,False,False,-2.0082971505257228,0.0,597.5999755859375,True,"(0, 1, 0, 0)",
2022-03-02,633.4000244140625,636.5999755859375,630.0,630.0,630.0,2578908,4.526648968626773,4.050984768512713,0.4756642001140605,False,False,-2.0082971505257228,0.0,597.5999755859375,True,"(0, 1, 0, 0)",
2022-03-03,630.2000122070312,634.0,623.7999877929688,630.5999755859375,630.5999755859375,2371297,4.650150960283327,4.170818006866836,0.47933295341649096,False,False,-2.0082971505257228,0.0,597.5999755859375,True,"(0, 1, 0, 0)",
2022-03-04,628.2000122070312,640.4000244140625,628.2000122070312,638.2000122070312,638.2000122070312,1998491,5.3001893046395026,4.396692266421369,0.9034970382181333,False,False,-2.0082971505257228,0.0,597.5999755859375,True,"(0, 1, 0, 0)",
2022-03-07,625.2000122070312,643.7999877929688,621.0,638.0,638.0,2644621,5.733122198297906,4.663978252796677,1.0691439455012288,False,False,-2.0082971505257228,0.0,597.5999755859375,True,"(0, 1, 0, 0)",
2022-03-08,626.4000244140625,640.6309814453125,626.4000244140625,636.7999877929688,636.7999877929688,2065339,5.911252444256434,4.913433091088629,0.997819353167805,False,False,-2.0082971505257228,0.0,597.5999755859375,False,"(0, 1, 0, 0)",
2022-03-09,637.7999877929688,642.0,632.4000244140625,635.7999877929688,635.7999877929688,1798431,5.903676400830818,5.111481753037067,0.7921946477937514,False,False,-2.0082971505257228,0.0,597.5999755859375,False,"(0, 1, 0, 0)",
2022-03-10,639.0,641.0,633.4000244140625,640.4000244140625,640.4000244140625,1100613,6.197416865685341,5.328668775566722,0.8687480901186184,False,False,-2.0082971505257228,0.0,597.5999755859375,True,"(0, 1, 0, 0)",
2022-03-11,635.2000122070312,643.5999755859375,634.5999755859375,641.7999877929688,641.7999877929688,4802668,6.468607559514339,5.5566565323562465,0.9119510271580928,False,False,-2.0082971505257228,0.0,597.5999755859375,True,"(0, 1, 0, 0)",
2022-03-14,641.0,645.2000122070312,637.0,643.5999755859375,643.5999755859375,2001253,6.750951340385427,5.795515493962084,0.9554358464233434,False,False,-1.8511584400796455,0.0,597.5999755859375,True,"(0, 1, 0, 0)",
2022-03-15,648.5999755859375,648.5999755859375,639.1099853515625,645.4000244140625,645.4000244140625,6409611,7.038820571158908,6.044176509401449,0.9946440617574588,False,False,-1.7739437894390007,0.0,597.5999755859375,True,"(0, 1, 0, 0)",
2022-03-16,630.0,631.0,548.7999877929688,559.7999877929688,559.7999877929688,14942196,0.35565188974999273,4.9064715854711585,-4.550819695721166,False,True,-4.550819695721166,1.0,548.7999877929688,False,"(0, 0, 0, 0)",
2022-03-17,563.0,569.7999877929688,560.7999877929688,569.0,569.0,8578330,-4.150597850328268,3.095057698311273,-7.24565554863954,False,False,-7.24565554863954,1.0,548.7999877929688,False,"(1, 0, 0, 0)",
2022-03-18,570.0,575.0,567.5999755859375,568.0,568.0,9994911,-7.713607212372494,0.9333247161745192,-8.646931928547014,False,False,-8.646931928547014,1.0,548.7999877929688,False,"(1, 0, 0, 0)",
2022-03-21,569.0,576.2000122070312,568.2000122070312,569.0,569.0,3683417,-10.337462328960669,-1.3208326928525191,-9.01662963610815,False,False,-9.01662963610815,1.0,548.7999877929688,False,"(1, 0, 0, 0)",
2022-03-22,568.7999877929688,574.4000244140625,567.0,570.4000244140625,570.4000244140625,1686110,-12.163700575660528,-3.489406269414122,-8.674294306246406,False,False,-9.01662963610815,0.9620328943654487,548.7999877929688,True,"(1, 0, 0, 0)",
2022-03-23,576.5999755859375,577.97802734375,569.2000122070312,572.0,572.0,3730116,-13.328262967879255,-5.457177609107149,-7.871085358772105,False,False,-9.01662963610815,0.8729520537531477,548.7999877929688,True,"(1, 0, 0, 0)",
2022-03-24,572.5999755859375,577.0,570.4000244140625,571.5999755859375,571.5999755859375,2612205,-14.120691142206397,-7.189880315727001,-6.930810826479396,False,False,-9.01662963610815,0.7686697919502152,548.7999877929688,True,"(1, 0, 0, 0)",
2022-03-25,572.4000244140625,576.4000244140625,569.2000122070312,572.2000122070312,572.2000122070312,1568235,-14.532753700760168,-8.658454992733637,-5.874298708026531,False,False,-9.01662963610815,0.6514960628417312,548.7999877929688,True,"(1, 0, 0, 0)",
2022-03-28,572.2000122070312,578.0,570.2000122070312,573.7999877929688,573.7999877929688,1115799,-14.562345931151413,-9.839233180417192,-4.72311275073422,False,False,-9.01662963610815,0.5238224193904962,548.7999877929688,True,"(1, 0, 0, 0)",
2022-03-29,570.4000244140625,573.2000122070312,567.4000244140625,568.2000122070312,568.2000122070312,1634589,-14.866299759867957,-10.844646496307346,-4.02165326356061,False,False,-9.01662963610815,0.446026223308034,548.7999877929688,True,"(1, 0, 0, 0)",
2022-03-30,569.2000122070312,576.5999755859375,560.0,564.7999877929688,564.7999877929688,3698163,-15.206250717639023,-11.716967340573683,-3.4892833770653393,False,False,-9.01662963610815,0.38698310986314616,548.7999877929688,True,"(1, 0, 0, 0)",
2022-03-31,566.7999877929688,572.5999755859375,564.7999877929688,566.0,566.0,1650829,-15.203575985358384,-12.414289069530625,-2.789286915827759,False,False,-9.01662963610815,0.3093491724066976,548.7999877929688,True,"(1, 0, 0, 0)",
2022-04-01,568.2000122070312,570.2000122070312,562.5999755859375,562.5999755859375,562.5999755859375,1168023,-15.29944728790042,-12.991320713204585,-2.3081265746958355,False,False,-9.01662963610815,0.25598551430488753,548.7999877929688,True,"(1, 0, 0, 0)",
2022-04-04,560.4000244140625,564.2000122070312,560.4000244140625,563.2000122070312,563.2000122070312,975858,-15.152341287098807,-13.42352482798343,-1.728816459115377,False,False,-9.01662963610815,0.19173643910049593,548.7999877929688,True,"(1, 0, 0, 0)",
2022-04-05,563.2000122070312,568.2000122070312,561.4000244140625,565.5999755859375,565.5999755859375,6485151,-14.67296097522626,-13.673412057431996,-0.9995489177942645,False,False,-9.01662963610815,0.11085615780329423,548.7999877929688,True,"(1, 0, 0, 0)",
2022-04-06,574.4000244140625,574.4000244140625,561.0,562.0,562.0,1171512,-14.417342416399265,-13.822198129225448,-0.5951442871738166,False,False,-9.01662963610815,0.0660051827781072,548.7999877929688,True,"(1, 0, 0, 0)",
2022-04-07,571.5999755859375,571.5999755859375,557.4000244140625,558.7999877929688,558.7999877929688,5871330,-14.308042894208597,-13.919367082222077,-0.3886758119865199,False,False,-9.01662963610815,0.04310655174634456,548.7999877929688,True,"(1, 0, 0, 0)",
2022-04-08,554.0,569.0,554.0,562.7999877929688,562.7999877929688,1715603,-13.740266428520158,-13.883546951481696,0.14328052296153793,True,False,-9.01662963610815,0.0,548.7999877929688,True,"(1, 0, 0, 0)",
2022-04-11,561.0,567.052978515625,553.7999877929688,553.7999877929688,553.7999877929688,2801659,-13.856791797581423,-13.878195920701643,0.02140412312022022,False,False,-9.01662963610815,0.0,548.7999877929688,False,"(1, 0, 0, 0)",
2022-04-12,554.4000244140625,556.5999755859375,548.7999877929688,551.5999755859375,551.5999755859375,2854715,-13.965673993226005,-13.895691535206515,-0.06998245801949032,False,True,-9.01662963610815,0.007761487478562652,548.7999877929688,False,"(0, 0, 1, 0)",
2022-04-13,540.5999755859375,553.0,540.5999755859375,549.7999877929688,549.7999877929688,1347679,-14.035416345644762,-13.923636497294165,-0.11177984835059718,False,False,-9.01662963610815,0.0123970766086434,540.5999755859375,False,"(0, 0, 1, 0)",
2022-04-14,551.7999877929688,551.7999877929688,546.2000122070312,548.0,548.0,891558,-14.07369879415603,-13.953648956666541,-0.12004983748948916,False,False,-9.01662963610815,0.013314269559075104,540.5999755859375,False,"(0, 0, 1, 0)",
2022-04-19,544.5999755859375,549.0,542.7999877929688,547.7999877929688,547.7999877929688,1321343,-13.95926352318645,-13.954771869970521,-0.004491653215929148,False,False,-9.01662963610815,0.0004981521252621707,540.5999755859375,True,"(0, 0, 0, 1)",537.7999877929688
2022-04-20,552.7999877929688,552.7999877929688,545.3900146484375,548.0,548.0,1298402,-13.694570943642475,-13.90273168470491,0.20816074106243576,True,False,-9.01662963610815,0.0,540.5999755859375,True,"(1, 0, 0, 0)",
2022-04-21,550.0,550.0,546.4000244140625,548.0,548.0,2108282,-13.33112723087379,-13.788410793938686,0.45728356306489637,False,False,-9.01662963610815,0.0,540.5999755859375,True,"(1, 0, 0, 0)",
2022-04-22,547.0,558.0,545.4580078125,556.7999877929688,556.7999877929688,2260813,-12.192462879783875,-13.469221211107724,1.2767583313238493,False,False,-9.01662963610815,0.0,540.5999755859375,True,"(1, 0, 0, 0)",
2022-04-25,567.2000122070312,567.2000122070312,552.2000122070312,555.0,555.0,1377021,-11.304990258541466,-13.036375020594473,1.7313847620530076,False,False,-9.01662963610815,0.0,540.5999755859375,True,"(1, 0, 0, 0)",
2022-04-26,553.2000122070312,561.0,551.7999877929688,561.0,561.0,1594679,-10.002212676365389,-12.429542551748657,2.4273298753832684,False,False,-9.01662963610815,0.0,540.5999755859375,True,"(1, 0, 0, 0)",
2022-04-27,571.7999877929688,571.7999877929688,556.5999755859375,565.0,565.0,984428,-8.548444341685581,-11.653322909736044,3.104878568050463,False,False,-9.01662963610815,0.0,540.5999755859375,True,"(1, 0, 0, 0)",
