Date,Open,High,Low,Close,Adj Close,Volume,macd,signal,macd_diff,crossover,crossunder,lowest_MACD,MACD_ratio,lowest_Low,MACD_up,state,screen_passed,marker
2021-05-06,494.5,498.2099914550781,490.5,491.0,484.2994079589844,192686,0.0,0.0,0.0,False,False,,0.0,,False,"|0,0,0,0|",False,
2021-05-07,498.5,499.5,495.27099609375,499.5,492.6833801269531,88635,0.1907051282051384,0.10594729344729911,0.0847578347578393,True,False,,0.0,,True,"|0,0,0,0|",False,
2021-05-10,499.5,499.5,492.0,496.0,489.23114013671875,116105,0.13446139521960276,0.11763340073103011,0.016827994488572653,False,False,,0.0,,False,"|0,0,0,0|",False,
2021-05-11,490.5,491.3399963378906,477.5,487.0,480.3539733886719,167943,-0.21935623662153603,0.003477019514036181,-0.2228332561355722,False,True,,,,False,"|0,0,0,0|",False,
2021-05-12,481.0,486.0,478.0,478.0,471.476806640625,112690,-0.7651281573596975,-0.22516564376349046,-0.5399625135962071,False,False,,,,False,"|0,0,0,0|",False,
2021-05-13,482.5,482.5,474.0,479.0,472.463134765625,72450,-1.036068645969749,-0.4449654426961436,-0.5911032032736054,False,False,,,,False,"|0,0,0,0|",False,
2021-05-14,481.0,488.0,478.4599914550781,483.0,476.4085693359375,42941,-1.0107727584910435,-0.5881561799581787,-0.42261657853286483,False,False,,,,True,"|0,0,0,0|",False,
2021-05-17,482.5,489.0,482.5,483.0,476.4085693359375,79071,-0.9775592065954584,-0.681737049984656,-0.29582215661080236,False,False,,,,True,"|0,0,0,0|",False,
2021-05-18,487.0,488.5,480.5,481.0,474.43585205078125,105286,-1.0389127461414773,-0.7642464077546477,-0.27466633838682963,False,False,,,,True,"|0,0,0,0|",False,
2021-05-19,480.0,481.989990234375,477.3299865722656,478.0,471.476806640625,114793,-1.2218483319022653,-0.8667758025189557,-0.3550725293833096,False,False,,,,False,"|0,0,0,0|",False,
2021-05-20,479.0,484.0,477.6409912109375,483.0,476.4085693359375,78781,-1.0705272123943814,-0.9113554467771676,-0.1591717656172138,False,False,,,,True,"|0,0,0,0|",False,
2021-05-21,482.0,486.0,481.0,481.0,474.43585205078125,339296,-1.0548837597596048,-0.9421793090607663,-0.1127044506988385,False,False,,,,True,"|0,0,0,0|",False,
2021-05-24,481.5,487.0,480.8789978027344,484.5,477.8880920410156,197407,-0.8315800911869928,-0.9187726720055441,0.0871925808185513,True,False,,0.0,,True,"|0,0,0,0|",False,
2021-05-25,487.0,489.5,486.0,486.0,479.3676452636719,65403,-0.5666995740666039,-0.8451187172294353,0.27841914316283145,False,False,,0.0,,True,"|0,0,0,0|",False,
2021-05-26,489.5,493.0,488.0,488.0,481.34033203125,391779,-0.2410260875336121,-0.7198942469327243,0.4788681593991122,False,False,,0.0,,True,"|0,0,0,0|",False,
2021-05-27,490.5,492.5,489.7430114746094,492.5,485.7789306640625,127494,0.28204589263094704,-0.5137024354875441,0.7957483281184912,False,False,,0.0,,True,"|0,0,0,0|",False,
2021-05-28,493.5,494.0,489.5,492.5,485.7789306640625,116324,0.6774610275736563,-0.2699816384210485,0.9474426659947048,False,False,,0.0,,True,"|0,0,0,0|",False,
2021-06-01,492.5,500.0,492.5,497.0,490.2174987792969,121206,1.2556928193839667,0.04075091315389368,1.214941906230073,False,False,,0.0,,True,"|0,0,0,0|",False,
2021-06-02,501.0,503.0,498.54901123046875,500.0,493.17657470703125,129221,1.8772426128301731,0.41341998036019856,1.4638226324699746,False,False,,0.0,,True,"|0,0,0,0|",False,
2021-06-03,503.0,505.0,499.7149963378906,502.0,495.1492614746094,105786,2.464015934703866,0.8283226736025155,1.6356932611013506,False,False,,0.0,,True,"|0,0,0,0|",False,
2021-06-04,501.0,506.0,498.69500732421875,505.0,498.10833740234375,50679,3.0863185405757463,1.284125889634217,1.8021926509415294,False,False,,0.0,,True,"|0,0,0,0|",False,
2021-06-07,506.0,508.0,505.07000732421875,508.0,501.0674133300781,80438,3.7325660742964146,1.777454045863584,1.9551120284328307,False,False,,0.0,,True,"|0,0,0,0|",False,
2021-06-08,508.0,510.6759948730469,507.0,508.0,501.0674133300781,111099,4.189511444351467,2.2627300897167,1.926781354634767,False,False,,0.0,,False,"|0,0,0,0|",False,
2021-06-09,509.0,509.95001220703125,506.0,506.0,499.0946960449219,113879,4.357467281780998,2.683665338640536,1.6738019431404623,False,False,,0.0,,False,"|0,0,0,0|",False,
2021-06-10,511.0,511.0,502.0,502.0,495.1492614746094,97243,4.1588171618938645,2.9798145232779705,1.179002638615894,False,False,,0.0,,False,"|0,0,0,0|",False,
2021-06-11,509.0,509.0,503.0,503.0,496.1356201171875,117780,4.025656558299772,3.1896170194188413,0.836039538880931,False,False,,0.0,,False,"|0,0,0,0|",False,
2021-06-14,504.0,510.89801025390625,503.1499938964844,505.0,498.10833740234375,100547,4.016629304381297,3.355420364300544,0.661208940080753,False,False,,0.0,,False,"|0,0,0,0|",False,
2021-06-15,511.0,512.469970703125,504.0,504.0,497.1219787597656,460784,3.891270289207739,3.4627980479286844,0.4284722412790547,False,False,,0.0,,False,"|0,0,0,0|",False,
2021-06-16,509.0,509.0,494.5,499.0,492.1902160644531,179158,3.3877754181039563,3.4477702676000255,-0.05999484949606915,False,True,,,,False,"|0,0,0,0|",False,
2021-06-17,498.5,503.0,487.0,487.0,480.3539733886719,204051,2.0838359490092557,3.1746452915382757,-1.09080934252902,False,False,,,,False,"|0,0,0,0|",False,
2021-06-18,496.5,500.0,483.0,483.5,476.9017333984375,242106,0.7852968198253052,2.696301868815268,-1.9110050489899626,False,False,,,,False,"|0,0,0,0|",False,
2021-06-21,482.0,489.79998779296875,478.5,482.5,475.9153747558594,596669,-0.312004326756778,2.0941635665882097,-2.4061678933449877,False,False,,,,False,"|0,0,0,0|",False,
2021-06-22,483.5,486.0,483.1109924316406,485.5,478.87445068359375,95952,-0.9439131937942875,1.4861628482739555,-2.430076042068243,False,False,,,,False,"|0,0,0,0|",False,
2021-06-23,484.5,486.0,479.0,483.0,476.4085693359375,146433,-1.6132335852035453,0.8659690859804439,-2.479202671183989,False,False,,,,False,"|0,0,0,0|",False,
2021-06-24,481.5,485.0,477.5,478.5,477.4062805175781,255920,-2.4548808497207233,0.2015295701518729,-2.6564104198725964,False,False,,,,False,"|0,0,0,0|",False,
2021-06-25,479.0,487.0,479.0,486.0,484.8891296386719,183223,-2.5209669352356627,-0.3431464884123717,-2.177820446823291,False,False,,,,True,"|0,0,0,0|",False,
2021-06-28,483.0,487.4230041503906,483.0,485.0,483.89141845703125,168301,-2.619201297785537,-0.7984756604984958,-1.8207256372870413,False,False,,,,True,"|0,0,0,0|",False,
2021-06-29,482.5,489.7699890136719,482.5,487.0,485.8868408203125,172006,-2.5142846822211595,-1.1417087515670485,-1.372575930654111,False,False,,,,True,"|0,0,0,0|",False,
2021-06-30,488.0,488.489990234375,481.0,482.0,480.8982849121094,148661,-2.783921361008197,-1.4702058543984804,-1.3137155066097166,False,False,,,,True,"|0,0,0,0|",False,
2021-07-01,486.0,486.5,482.5,483.5,482.3948669433594,149350,-2.84842589238707,-1.7458865062402305,-1.1025393861468393,False,False,-2.6564104198725964,0.4150485850750872,474.0,True,"|0,0,0,0|",False,
2021-07-02,485.0,488.0,484.5,487.0,485.8868408203125,225825,-2.598010321636366,-1.9163293939160961,-0.6816809277202698,False,False,-2.6564104198725964,0.256617321864354,474.0,True,"|0,0,0,0|",False,
2021-07-05,487.5,495.5,485.7300109863281,491.0,489.8777160644531,143257,-2.064711720590026,-1.9460083840601354,-0.1187033365298904,False,False,-2.6564104198725964,0.04468561621422322,474.0,True,"|0,0,0,0|",False,
2021-07-06,491.0,492.45001220703125,489.5,489.5,488.3811340332031,216447,-1.7391312859834898,-1.9046301483880117,0.16549886240452194,True,False,-2.6564104198725964,0.0,474.0,True,"|0,0,0,0|",False,
2021-07-07,492.0,494.5,489.81500244140625,493.0,491.8731384277344,251604,-1.1938132394235481,-1.7624590260629571,0.568645786639409,False,False,-2.6564104198725964,0.0,474.0,True,"|0,0,0,0|",False,
2021-07-08,492.0,492.0,484.5,487.0,485.8868408203125,119499,-1.2178977045596184,-1.6535420177575046,0.4356443131978862,False,False,-2.6564104198725964,0.0,474.0,False,"|0,0,0,0|",False,
2021-07-09,489.5,494.5,485.0,492.5,491.3742980957031,96820,-0.7958525018730711,-1.481998137148787,0.6861456352757158,False,False,-2.6564104198725964,0.0,477.3299865722656,True,"|0,0,0,0|",False,
2021-07-12,491.5,493.5,485.7699890136719,493.0,491.8731384277344,70104,-0.41733850333218925,-1.2690602745441961,0.8517217712120069,False,False,-2.6564104198725964,0.0,477.3299865722656,True,"|0,0,0,0|",False,
2021-07-13,491.0,493.5,490.5,492.5,491.3742980957031,86672,-0.1550949662672565,-1.0462622443267056,0.8911672780594491,False,False,-2.6564104198725964,0.0,477.3299865722656,True,"|0,0,0,0|",False,
2021-07-14,491.0,495.0,490.0,495.0,493.8685607910156,62374,0.24723756535007624,-0.7875576669474598,1.034795232297536,False,False,-2.6564104198725964,0.0,477.3299865722656,True,"|0,0,0,0|",False,
2021-07-15,492.5,495.17999267578125,492.5,494.0,492.870849609375,570234,0.48132982439494754,-0.5337765465937935,1.015106370988741,False,False,-2.6564104198725964,0.0,477.5,False,"|0,0,0,0|",False,
2021-07-16,494.5,495.447998046875,493.0,493.5,492.37200927734375,297606,0.6200234046882542,-0.30301392149399015,0.9230373261822444,False,False,-2.6564104198725964,0.0,477.5,False,"|0,0,0,0|",False,
2021-07-19,488.0,490.92498779296875,484.0,484.0,482.8937072753906,207960,-0.023406930118596847,-0.24709201240665093,0.2236850822880541,False,False,-2.6564104198725964,0.0,477.5,False,"|0,0,0,0|",False,
2021-07-20,490.0,490.0799865722656,487.0,488.0,486.88458251953125,539968,-0.21305170985129962,-0.2402839021452592,0.027232192293959567,False,False,-2.6564104198725964,0.0,477.5,False,"|0,0,0,0|",False,
2021-07-21,491.5,495.25,490.5,493.0,491.8731384277344,134086,0.03388997976247765,-0.18544880519737597,0.21933878495985362,False,False,-2.6564104198725964,0.0,477.5,True,"|0,0,0,0|",False,
2021-07-22,492.0,498.5,489.7099914550781,497.5,496.36285400390625,129445,0.5810729307845008,-0.03214374102307326,0.6132166718075741,False,False,-2.6564104198725964,0.0,477.5,True,"|0,0,0,0|",False,
2021-07-23,498.5,503.0,498.125,502.0,500.8525695800781,95062,1.357556383652252,0.24579732381297434,1.1117590598392777,False,False,-2.6564104198725964,0.0,477.5,True,"|0,0,0,0|",False,
2021-07-26,498.0,503.0,498.0,501.0,499.8548583984375,50205,1.871458238144612,0.5709304798533483,1.3005277582912638,False,False,-2.6564104198725964,0.0,477.5,True,"|0,0,0,0|",False,
2021-07-27,496.5,502.0,495.0,502.0,500.8525695800781,164204,2.3315792097233725,0.9230610690125994,1.4085181407107732,False,False,-2.6564104198725964,0.0,477.5,True,"|0,0,0,0|",False,
2021-07-28,499.0,504.1600036621094,499.0,500.0,498.8571472167969,31833,2.5074448677210626,1.2399384357707317,1.2675064319503309,False,False,-2.6564104198725964,0.0,477.5,False,"|0,0,0,0|",False,
2021-07-29,502.0,510.0,500.0,507.0,505.84112548828125,145325,3.1698766411037127,1.6259266683625728,1.5439499727411399,False,False,-2.6564104198725964,0.0,477.5,True,"|0,0,0,0|",False,
2021-07-30,503.0,513.0,501.5,513.0,511.8274230957031,132247,4.127205321434019,2.1261830122893555,2.0010223091446635,False,False,-2.6564104198725964,0.0,477.5,True,"|0,0,0,0|",False,
2021-08-02,513.0,518.6799926757812,513.0,516.0,514.820556640625,138257,5.067505981749832,2.7144481831502514,2.353057798599581,False,False,-2.6564104198725964,0.0,477.5,True,"|0,0,0,0|",False,
2021-08-03,518.0,524.0,510.0,510.0,508.83428955078125,261354,5.271171202697133,3.2257931882802047,2.045378014416928,False,False,-2.6564104198725964,0.0,477.5,False,"|0,0,0,0|",False,
2021-08-04,518.0,530.0,518.0,530.0,528.78857421875,299496,6.955266337092951,3.9716882862486953,2.9835780508442555,False,False,-2.6564104198725964,0.0,477.5,True,"|0,0,0,0|",False,
2021-08-05,524.0,532.0,523.0,529.0,527.7908325195312,92643,8.115984439808301,4.800547933187522,3.315436506620779,False,False,-2.6564104198725964,0.0,477.5,True,"|0,0,0,0|",False,
2021-08-06,527.0,528.3900146484375,524.0,524.0,522.8023071289062,58494,8.536177282445806,5.547674103185546,2.9885031792602597,False,False,-2.6564104198725964,0.0,477.5,False,"|0,0,0,0|",False,
2021-08-09,524.0,526.4829711914062,518.0,518.0,516.8159790039062,95951,8.291932669092773,6.096525992761189,2.1954066763315847,False,False,-2.6564104198725964,0.0,477.5,False,"|0,0,0,0|",False,
2021-08-10,524.0,525.0,521.97998046875,523.0,521.8045654296875,90114,8.402898112186222,6.5578005352445325,1.845097576941689,False,False,-2.6564104198725964,0.0,477.5,False,"|0,0,0,0|",False,
2021-08-11,524.0,528.0,524.0,528.0,526.7931518554688,89566,8.79103027646039,7.004446575357466,1.7865837011029235,False,False,-2.6564104198725964,0.0,477.5,False,"|0,0,0,0|",False,
2021-08-12,528.0,532.0,525.0,532.0,530.7839965820312,124606,9.312585546234743,7.466074445494,1.8465111007407433,False,False,-2.6564104198725964,0.0,477.5,True,"|0,0,0,0|",False,
2021-08-13,531.0,533.0,530.0,532.0,530.7839965820312,98760,9.614996195456285,7.895858852063433,1.7191373433928527,False,False,-2.6564104198725964,0.0,477.5,False,"|0,0,0,0|",False,
2021-08-16,526.0,530.0,523.6300048828125,530.0,528.78857421875,112652,9.583316362574578,8.233350389707669,1.3499659728669098,False,False,-2.6564104198725964,0.0,477.5,False,"|0,0,0,0|",False,
2021-08-17,525.0,536.0,524.2000122070312,536.0,534.7748413085938,185479,9.926243428080852,8.571929025907497,1.3543144021733546,False,False,-2.6564104198725964,0.0,477.5,True,"|0,0,0,0|",False,
2021-08-18,533.0,538.0,532.64501953125,538.0,536.770263671875,34370,10.240776346569874,8.90569851253599,1.3350778340338838,False,False,-2.6564104198725964,0.0,477.5,False,"|0,0,0,0|",False,
2021-08-19,529.0,532.0,527.8400268554688,529.0,527.7908325195312,42598,9.654565557296564,9.05547192956387,0.5990936277326941,False,False,-2.177820446823291,0.0,479.0,False,"|0,0,0,0|",False,
2021-08-20,530.0,534.0,526.0,526.0,524.7977294921875,67657,8.846553600668585,9.013688261982438,-0.16713466131385246,False,True,-1.8207256372870413,0.09179563240669815,481.0,False,"|0,0,0,0|",False,
2021-08-23,525.0,537.0,525.0,537.0,535.7725830078125,100782,8.987977382528697,9.00854608591424,-0.02056870338554262,False,False,-1.372575930654111,0.01498547579494597,481.0,True,"|0,0,0,0|",False,
2021-08-24,533.0,538.0,533.0,538.0,536.770263671875,57643,9.075899910835346,9.02201685127035,0.05388305956499728,True,False,-1.3137155066097166,0.0,481.0,True,"|0,0,0,0|",False,
2021-08-25,538.0,540.447998046875,532.0,532.0,530.7839965820312,79880,8.563703717963563,8.930354222584569,-0.36665050462100623,False,True,-1.1025393861468393,0.3325509358013761,482.5,False,"|0,0,0,0|",False,
2021-08-26,538.0,541.0,536.6199951171875,541.0,539.763427734375,193648,8.781333011901552,8.90054997992137,-0.11921696801981874,False,False,-0.6816809277202698,0.17488675885140775,484.0,True,"|0,0,0,0|",False,
2021-08-27,539.0,545.0,536.0,545.0,543.7542724609375,482699,9.170241199883435,8.954488224676188,0.21575297520724668,True,False,-0.36665050462100623,0.0,484.0,True,"|0,0,0,0|",False,
2021-08-31,546.0,554.6400146484375,545.0,546.0,544.7520141601562,93474,9.45003929924303,9.053598440710276,0.39644085853275435,False,False,-0.36665050462100623,0.0,484.0,True,"|0,0,0,0|",False,
2021-09-01,552.0,553.9500122070312,550.0,552.0,550.73828125,62677,10.039414357769374,9.250761625905685,0.7886527318636887,False,False,-0.36665050462100623,0.0,484.0,True,"|0,0,0,0|",False,
2021-09-02,553.0,558.0,549.6400146484375,554.0,552.7337036132812,28902,10.546043886613916,9.509818079922123,1.0362258066917924,False,False,-0.36665050462100623,0.0,484.0,True,"|0,0,0,0|",False,
2021-09-03,554.0,559.0,548.0,559.0,557.7222900390625,61181,11.221086002000334,9.852071666319278,1.3690143356810562,False,False,-0.36665050462100623,0.0,484.0,True,"|0,0,0,0|",False,
2021-09-06,555.0,555.739990234375,551.5,552.0,550.73828125,53353,11.064343297682512,10.094525993714896,0.9698173039676163,False,False,-0.36665050462100623,0.0,484.0,False,"|0,0,0,0|",False,
2021-09-07,551.0,555.0,551.0,551.0,549.7405395507812,70297,10.735747704580717,10.22277033636325,0.5129773682174665,False,False,-0.36665050462100623,0.0,484.0,False,"|0,0,0,0|",False,
2021-09-08,552.0,554.0,542.0,542.0,540.7611694335938,61472,9.638753542807422,10.10596697730585,-0.46721343449842756,False,True,-0.46721343449842756,1.0,484.0,False,"|0,1,0,0|",False,
2021-09-09,542.0,547.2000122070312,539.0,539.0,537.7680053710938,85494,8.430354761956664,9.770844533441295,-1.3404897714846307,False,False,-1.3404897714846307,1.0,484.0,False,"|1,0,0,0|",False,
2021-09-10,541.0,543.0,539.9199829101562,541.0,539.763427734375,96387,7.546926950973102,9.326061016103841,-1.779134065130739,False,False,-1.779134065130739,1.0,484.0,False,"|1,0,0,0|",False,
2021-09-13,544.0,545.3920288085938,542.0,542.0,540.7611694335938,4170,6.8484783887435015,8.830544489879724,-1.9820661011362226,False,False,-1.9820661011362226,1.0,484.0,False,"|1,0,0,0|",False,
2021-09-14,541.0,546.2000122070312,540.0,541.0,539.763427734375,126218,6.143501471411014,8.293135885533479,-2.149634414122465,False,False,-2.149634414122465,1.0,487.0,False,"|1,0,0,0|",False,
2021-09-15,542.0,544.8200073242188,537.0,539.0,537.7680053710938,175265,5.361726008499431,7.706853909557194,-2.3451279010577624,False,False,-2.3451279010577624,1.0,489.7099914550781,False,"|1,0,0,0|",False,
2021-09-16,544.0,545.6400146484375,540.0,544.0,542.756591796875,63202,5.086713429269821,7.182825813092514,-2.0961123838226925,False,False,-2.3451279010577624,0.8938158054736579,489.7099914550781,True,"|1,0,0,0|",False,
2021-09-17,540.0,549.0,538.0,549.0,547.7451171875,178910,5.2118883348052805,6.788638317190019,-1.5767499823847384,False,False,-2.3451279010577624,0.6723513807812147,495.0,True,"|1,0,0,0|",False,
2021-09-20,541.0,541.0,531.0,537.0,535.7725830078125,129456,4.293843756303886,6.289679404764648,-1.995835648460762,False,False,-2.3451279010577624,0.8510562036128378,495.0,False,"|1,0,0,0|",False,
2021-09-21,541.0,544.0,536.0499877929688,544.0,542.756591796875,105228,4.083753686838236,5.848494261003836,-1.7647405741656002,False,False,-2.3451279010577624,0.7525135722318683,495.0,True,"|1,0,0,0|",False,
2021-09-22,536.0,549.0,536.0,540.0,538.7656860351562,57338,3.553680857696463,5.389531580196279,-1.8358507224998162,False,False,-2.3451279010577624,0.7828360754531818,499.0,False,"|1,0,0,0|",False,
2021-09-23,544.0,550.0,542.0,542.0,540.7611694335938,67477,3.2573547231053226,4.963096208669505,-1.7057414855641824,False,False,-2.3451279010577624,0.7273554183525824,500.0,True,"|1,0,0,0|",False,
2021-09-24,543.0,548.0,535.0,535.0,533.7771606445312,91652,2.429899456136013,4.456456858059602,-2.026557401923589,False,False,-2.3451279010577624,0.8641564500637756,501.5,False,"|1,0,0,0|",False,
2021-09-27,540.0,540.6300048828125,529.0,535.0,533.7771606445312,82063,1.7539186776461975,3.9159492218888388,-2.1620305442426413,False,False,-2.3451279010577624,0.9219243621072711,510.0,False,"|1,0,0,0|",False,
2021-09-28,529.0,534.0,514.0,514.0,512.8251342773438,183979,-0.4702895472229329,3.0387014679521176,-3.5089910151750505,False,False,-3.5089910151750505,1.0,510.0,False,"|1,0,0,0|",False,
2021-09-29,519.0,525.7000122070312,518.0,520.0,518.8114013671875,148237,-1.7290634251955908,2.0851484892231245,-3.814211914418715,False,False,-3.814211914418715,1.0,514.0,False,"|1,0,0,0|",False,
2021-09-30,526.0,531.0,510.0,510.0,508.83428955078125,167733,-3.4930461071877517,0.9695095698478641,-4.462555677035616,False,False,-4.462555677035616,1.0,510.0,False,"|1,0,0,0|",False,
2021-10-01,512.0,520.0,504.0,520.0,518.8114013671875,167003,-4.037778397892453,-0.031948023767045884,-4.005830374125407,False,False,-4.462555677035616,0.8976538701218844,504.0,True,"|1,0,0,0|",False,
2021-10-04,512.0,520.0,511.0,517.0,515.8182983398438,135516,-4.657797483150944,-0.957117915693229,-3.7006795674577146,False,False,-4.462555677035616,0.829273590131653,504.0,True,"|1,0,0,0|",False,
2021-10-05,515.0,523.0,515.0,515.0,513.8228759765625,59755,-5.249988276294516,-1.8156919878501647,-3.4342962884443518,False,False,-4.462555677035616,0.7695806029081712,504.0,True,"|1,0,0,0|",False,
2021-10-06,515.0,515.9500122070312,501.0,503.0,501.85028076171875,85969,-6.611169509481442,-2.7747874922091977,-3.8363820172722445,False,False,-4.462555677035616,0.859682723291124,501.0,False,"|1,0,0,0|",False,
2021-10-07,507.0,518.0,506.2380065917969,508.0,506.8388671875,179442,-7.203499387083525,-3.6605298712082797,-3.5429695158752454,False,False,-4.462555677035616,0.7939328430359814,501.0,True,"|1,0,0,0|",False,
2021-10-08,511.0,513.0,507.5199890136719,510.0,508.83428955078125,78711,-7.425967581398595,-4.413617413262815,-3.0123501681357796,False,False,-4.462555677035616,0.6750280301571099,501.0,True,"|1,0,0,0|",False,
2021-10-11,510.0,516.3499755859375,506.0,506.0,504.8434143066406,214905,-7.834667250747771,-5.097827380771778,-2.7368398699759924,False,False,-4.462555677035616,0.6132897980544679,501.0,True,"|1,0,0,0|",False,
2021-10-12,504.0,518.0,498.0,512.0,510.8297119140625,284242,-7.587034211387049,-5.595668746901802,-1.9913654644852476,False,False,-4.462555677035616,0.4462387942256601,498.0,True,"|1,0,0,0|",False,
2021-10-13,511.0,522.0,511.0,517.0,515.8182983398438,83298,-6.907757515421963,-5.858086500608772,-1.0496710148131907,False,False,-4.462555677035616,0.2352174607512047,498.0,True,"|1,0,0,0|",False,
2021-10-14,522.0,529.0,520.3800048828125,527.0,525.79541015625,166827,-5.499232802626011,-5.786315761011577,0.2870829583855663,True,False,-4.462555677035616,0.0,498.0,True,"|1,0,0,0|",False,
2021-10-15,529.0,533.0,528.0,530.0,528.78857421875,179403,-4.093734646189091,-5.447799538044654,1.354064891855563,False,False,-4.462555677035616,0.0,498.0,True,"|1,0,0,0|",False,
2021-10-18,529.0,533.0,525.0999755859375,533.0,531.78173828125,178313,-2.7066227134868086,-4.899564173129942,2.1929414596431336,False,False,-4.462555677035616,0.0,498.0,True,"|1,0,0,0|",False,
2021-10-19,534.0,534.0,523.6740112304688,533.0,531.78173828125,128555,-1.5890104459499526,-4.237453427690907,2.6484429817409545,False,False,-4.462555677035616,0.0,498.0,True,"|1,0,0,0|",False,
2021-10-20,534.0,537.0,531.0900268554688,535.0,533.7771606445312,93793,-0.5357535079155014,-3.4971134437331095,2.961359935817608,False,False,-4.462555677035616,0.0,498.0,True,"|1,0,0,0|",False,
2021-10-21,531.0,537.0,531.0,536.0,534.7748413085938,120531,0.37531657101612836,-2.7226274407809883,3.0979440117971166,False,False,-4.462555677035616,0.0,498.0,True,"|1,0,0,0|",False,
2021-10-22,536.0,542.6300048828125,536.0,540.0,538.7656860351562,80306,1.403899315522267,-1.8973220895183989,3.301221405040666,False,False,-4.462555677035616,0.0,498.0,True,"|1,0,0,0|",False,
2021-10-25,539.0,543.6329956054688,538.0,541.0,539.763427734375,116500,2.2735344242958035,-1.0631507867539913,3.3366852110497947,False,False,-4.462555677035616,0.0,498.0,True,"|1,0,0,0|",False,
2021-10-26,538.0,551.0,538.0,550.0,548.7428588867188,136767,3.6468551999165584,-0.12114958941846561,3.768004789335024,False,False,-4.462555677035616,0.0,498.0,True,"|1,0,0,0|",False,
2021-10-27,546.0,550.0,544.8499755859375,548.0,546.7474365234375,161159,4.5217249823165275,0.8074253249296495,3.714299657386878,False,False,-4.462555677035616,0.0,498.0,False,"|1,0,0,0|",False,
2021-10-28,546.0,556.0,545.3790283203125,550.0,548.7428588867188,84964,5.315167025205483,1.7089736649856833,3.6061933602197995,False,False,-4.462555677035616,0.0,498.0,False,"|1,0,0,0|",False,
2021-10-29,548.0,549.0,543.0,546.0,544.7520141601562,73413,5.557168188540913,2.4786125696973214,3.078555618843592,False,False,-4.462555677035616,0.0,498.0,False,"|1,0,0,0|",False,
2021-11-01,551.0,564.0,544.1099853515625,560.0,558.719970703125,296563,6.800185333312925,3.3429271224209733,3.4572582108919514,False,False,-4.462555677035616,0.0,498.0,True,"|1,0,0,0|",False,
2021-11-02,562.0,563.0,557.0,560.0,558.719970703125,139172,7.696562836231919,4.213654265183591,3.4829085710483287,False,False,-4.462555677035616,0.0,498.0,True,"|1,0,0,0|",False,
2021-11-03,558.0,564.0,558.0,564.0,562.7108764648438,82369,8.630214342568706,5.096966280660961,3.533248061907745,False,False,-4.462555677035616,0.0,498.0,True,"|1,0,0,0|",False,
2021-11-04,565.0,575.0,562.0,572.0,570.6925659179688,516662,9.901504232681532,6.057873871065377,3.843630361616155,False,False,-4.462555677035616,0.0,498.0,True,"|1,0,0,0|",False,
2021-11-05,572.0,588.0,572.0,582.0,580.6697387695312,129029,11.582377436324578,7.162774584117496,4.419602852207081,False,False,-4.462555677035616,0.0,498.0,True,"|1,0,0,0|",False,
2021-11-08,583.0,583.0,574.0,574.0,572.68798828125,89199,12.129154628740594,8.156050593042314,3.973104035698279,False,False,-4.462555677035616,0.0,498.0,False,"|1,0,0,0|",False,
2021-11-09,580.0,580.5900268554688,568.0,569.0,567.6994018554688,76156,12.020470268620102,8.928934528157995,3.091535740462106,False,False,-4.462555677035616,0.0,498.0,False,"|1,0,0,0|",False,
2021-11-10,575.0,579.176025390625,562.0,562.0,560.7154541015625,59441,11.239946618911858,9.391136946308828,1.8488096726030303,False,False,-4.462555677035616,0.0,498.0,False,"|1,0,0,0|",False,
2021-11-11,565.0,566.0,563.0,566.0,564.706298828125,90083,10.819412763278024,9.676792109702696,1.142620653575328,False,False,-4.462555677035616,0.0,498.0,False,"|1,0,0,0|",False,
2021-11-12,567.0,569.5230102539062,563.0,563.0,561.713134765625,50005,10.127326662218707,9.766899020205905,0.36042764201280164,False,False,-4.462555677035616,0.0,498.0,False,"|1,0,0,0|",False,
2021-11-15,568.0,573.0,564.4619750976562,573.0,571.6903076171875,37055,10.267382230785415,9.866995662321813,0.40038656846360254,False,False,-4.462555677035616,0.0,498.0,True,"|1,0,0,0|",False,
2021-11-16,573.0,575.0,566.280029296875,574.0,572.68798828125,32650,10.33987479733355,9.961571489324164,0.37830330800938583,False,False,-4.462555677035616,0.0,498.0,False,"|1,0,0,0|",False,
2021-11-17,575.0,575.5430297851562,563.0,563.0,561.713134765625,73453,9.401364194807684,9.849530030420864,-0.4481658356131799,False,True,-4.462555677035616,0.10042806589942363,498.0,False,"|0,1,0,0|",False,
2021-11-18,562.0,569.0,562.0,569.0,567.6994018554688,125624,9.037548080676288,9.687133640471943,-0.6495855597956552,False,False,-4.462555677035616,0.14556357540555362,498.0,False,"|0,1,0,0|",False,
2021-11-19,570.0,570.0,560.0,567.0,565.7039794921875,90850,8.489973651209652,9.447701642619478,-0.9577279914098256,False,False,-4.462555677035616,0.21461423917651254,498.0,False,"|0,1,0,0|",False,
2021-11-22,561.0,572.0,560.0,567.0,565.7039794921875,64545,7.964210326453781,9.151003379386331,-1.1867930529325506,False,False,-4.462555677035616,0.265944704968009,498.0,False,"|0,1,0,0|",False,
2021-11-23,561.0,562.2000122070312,553.0,559.0,557.7222900390625,66405,6.823361098183568,8.68547492314577,-1.8621138249622025,False,False,-4.462555677035616,0.4172752027598603,498.0,False,"|0,1,0,0|",False,
2021-11-24,558.0,558.0,543.0,543.0,541.7588500976562,66719,4.575440649994903,7.863468068515585,-3.2880274185206826,False,False,-4.462555677035616,0.7368036740563093,498.0,False,"|0,1,0,0|",False,
2021-11-25,548.0,549.2830200195312,544.0,544.0,542.756591796875,67422,2.841878789021962,6.85915021261685,-4.017271423594888,False,False,-4.017271423594888,1.0,498.0,False,"|1,0,0,0|",False,
2021-11-26,536.0,536.5999755859375,522.0,522.0,520.806884765625,167059,-0.3036734131983394,5.4265854874538,-5.73025890065214,False,False,-5.73025890065214,1.0,498.0,False,"|1,0,0,0|",False,
2021-11-29,530.0,535.8489990234375,525.0,528.0,526.7931518554688,147700,-2.2860497051588027,3.884058448931269,-6.170108154090071,False,False,-6.170108154090071,1.0,498.0,False,"|1,0,0,0|",False,
2021-11-30,523.0,529.1500244140625,520.0,525.0,523.7999877929688,384693,-4.052454923280493,2.296755774488908,-6.349210697769401,False,False,-6.349210697769401,1.0,498.0,False,"|1,0,0,0|",False,
2021-12-01,529.0,535.0,524.0,531.0,529.7862548828125,49146,-4.911581090421691,0.855088401506782,-5.766669491928473,False,False,-6.349210697769401,0.9082498229196292,498.0,True,"|1,0,0,0|",False,
2021-12-02,526.0,529.0,521.0,525.0,523.7999877929688,197160,-6.0073408553662375,-0.5173974498678265,-5.489943405498411,False,False,-6.349210697769401,0.8646654941577436,498.0,True,"|1,0,0,0|",False,
2021-12-03,528.0,532.0,522.0,525.0,523.7999877929688,69371,-6.797382169588332,-1.7733943938119308,-5.023987775776401,False,False,-6.349210697769401,0.791277532739845,498.0,True,"|1,0,0,0|",False,
2021-12-06,530.0,530.0,523.0,526.0,524.7977294921875,69534,-7.259125775014809,-2.8705406700525087,-4.3885851049623,False,False,-6.349210697769401,0.6912016806284432,498.0,True,"|1,0,0,0|",False,
2021-12-07,535.0,538.3300170898438,533.0999755859375,536.0,534.7748413085938,203711,-6.74045084518184,-3.6445227050783764,-3.0959281401034637,False,False,-6.349210697769401,0.4876083481039813,511.0,True,"|1,0,0,0|",False,
2021-12-08,541.0,546.0,536.655029296875,541.0,539.763427734375,153442,-5.858409742771187,-4.087300112616939,-1.771109630154248,False,False,-6.349210697769401,0.2789495756970977,520.0,True,"|1,0,0,0|",False,
2021-12-09,545.0,546.0,539.0,545.0,543.7542724609375,43940,-4.78150317425434,-4.226140724944419,-0.5553624493099205,False,False,-6.349210697769401,0.08746952585854963,520.0,True,"|1,0,0,0|",False,
2021-12-10,538.0,545.0,535.0,541.0,539.763427734375,111132,-4.202369269627297,-4.221386433880994,0.019017164253696706,True,False,-6.349210697769401,0.0,520.0,True,"|1,0,0,0|",False,
2021-12-13,541.0,541.0,532.0,532.0,530.7839965820312,257115,-4.418686267131875,-4.260846400531171,-0.15783986660070415,False,True,-6.349210697769401,0.024859761963192735,520.0,False,"|0,1,0,0|",False,
2021-12-14,537.0,538.9500122070312,524.0,532.0,530.7839965820312,96022,-4.5378099424416405,-4.316239108913265,-0.22157083352837592,False,False,-6.349210697769401,0.03489738237954806,520.0,False,"|0,1,0,0|",False,
2021-12-15,525.0,531.7860107421875,522.0,525.0,523.7999877929688,296808,-5.137829319680463,-4.480557151066704,-0.6572721686137593,False,False,-6.349210697769401,0.10352029565575317,520.0,False,"|0,1,0,0|",False,
2021-12-16,535.0,537.2329711914062,528.0,528.0,528.0,126992,-5.310063977455798,-4.646458516344523,-0.6636054611112749,False,False,-6.349210697769401,0.10451778854093033,520.0,False,"|0,1,0,0|",False,
2021-12-17,531.0,531.0,522.0499877929688,527.0,527.0,182341,-5.464263810034936,-4.810019575082606,-0.6542442349523299,False,False,-6.349210697769401,0.10304339643070569,520.0,True,"|0,1,0,0|",False,
2021-12-20,521.0,524.0,514.0,524.0,524.0,81744,-5.762120102291533,-5.000439680524392,-0.7616804217671413,False,False,-6.349210697769401,0.11996458426473929,514.0,False,"|0,0,1,0|",False,
2021-12-21,525.0,530.0,525.0,525.0,525.0,84658,-5.850046264068737,-5.170360997233261,-0.6796852668354765,False,False,-6.349210697769401,0.10705035620793982,514.0,True,"|0,0,0,1|",True,520.0
2021-12-22,524.0,535.0,524.0,530.0,530.0,62607,-5.453407970823832,-5.226970391951376,-0.2264375788724564,False,False,-6.349210697769401,0.03566389424625777,514.0,True,"|1,0,0,0|",False,
2021-12-23,534.0,542.0,532.219970703125,535.0,535.0,75627,-4.6816451785903155,-5.117905349279164,0.4362601706888487,True,False,-6.349210697769401,0.0,514.0,True,"|1,0,0,0|",False,
2021-12-24,539.0,547.0,536.9400024414062,544.0,544.0,38865,-3.3056889552236726,-4.755462070468067,1.449773115244394,False,False,-6.349210697769401,0.0,514.0,True,"|1,0,0,0|",False,
2021-12-29,546.0,548.0,540.6649780273438,544.0,544.0,143963,-2.1899889268958077,-4.242367441753615,2.052378514857807,False,False,-6.349210697769401,0.0,514.0,True,"|1,0,0,0|",False,
2021-12-30,546.0,546.0,538.6519775390625,542.0,542.0,198059,-1.4504516236056588,-3.6839842781240235,2.2335326545183647,False,False,-6.349210697769401,0.0,514.0,True,"|1,0,0,0|",False,
2021-12-31,540.0,545.0,537.9910278320312,545.0,545.0,66953,-0.6151970029172844,-3.0702268230826757,2.4550298201653913,False,False,-6.349210697769401,0.0,514.0,True,"|1,0,0,0|",False,
2022-01-04,548.0,560.0,543.2630004882812,558.0,558.0,171611,1.083250416404553,-2.23953137518523,3.322781791589783,False,False,-6.349210697769401,0.0,514.0,True,"|1,0,0,0|",False,
2022-01-05,557.0,560.0,554.4500122070312,559.0,559.0,91813,2.481369993184444,-1.2953511015112948,3.7767210946957386,False,False,-6.349210697769401,0.0,514.0,True,"|1,0,0,0|",False,
2022-01-06,553.0,554.489990234375,548.1599731445312,552.0,552.0,53217,2.990081509470656,-0.4382645793149045,3.4283460887855606,False,False,-6.349210697769401,0.0,514.0,False,"|1,0,0,0|",False,
2022-01-07,556.0,556.0,544.0,544.0,544.0,44072,2.716394060818743,0.19266714871182525,2.523726912106918,False,False,-6.349210697769401,0.0,514.0,False,"|1,0,0,0|",False,
2022-01-10,545.0,545.2050170898438,520.0,520.0,520.0,107751,0.5564835316367862,0.2654304252968175,0.2910531063399687,False,False,-6.349210697769401,0.0,514.0,False,"|1,0,0,0|",False,
2022-01-11,525.0,531.0,521.0,521.0,521.0,62999,-1.0623237587039966,-0.0001204115033454301,-1.0622033472006511,False,True,-6.349210697769401,0.16729691260266785,514.0,False,"|0,1,0,0|",False,
2022-01-12,524.0,533.0,523.8889770507812,529.0,529.0,69727,-1.6803379913096705,-0.33616392746461055,-1.34417406384506,False,False,-6.349210697769401,0.21170727005756704,514.0,False,"|0,1,0,0|",False,
2022-01-13,528.0,534.0,524.0,524.0,524.0,80233,-2.544247927524566,-0.7777807274766018,-1.7664672000479642,False,False,-6.349210697769401,0.27821839345614374,514.0,False,"|0,1,0,0|",False,
2022-01-14,524.0,526.0,516.0,516.0,516.0,55764,-3.8302820671387963,-1.388280995409041,-2.4420010717297553,False,False,-6.349210697769401,0.3846149053751952,514.0,False,"|0,1,0,0|",False,
2022-01-17,520.0,525.0,515.0,515.0,515.0,56092,-4.873980709573175,-2.0854209382418682,-2.7885597713313066,False,False,-6.349210697769401,0.4391978631786438,514.0,False,"|0,1,0,0|",False,
2022-01-18,515.0,515.0,507.0,511.0,511.0,104386,-5.95523737326107,-2.859384225245709,-3.0958531480153613,False,False,-6.349210697769401,0.48759653685819465,507.0,False,"|0,0,1,0|",False,
2022-01-19,507.0,517.0,507.0,509.0,509.0,113229,-6.894053829072277,-3.6663181460110237,-3.2277356830612534,False,False,-6.349210697769401,0.5083680219015599,507.0,False,"|0,0,1,0|",False,
2022-01-20,510.0,512.0,505.5,508.0,508.0,368288,-7.630801066478398,-4.459214730104499,-3.171586336373899,False,False,-6.349210697769401,0.4995245058552141,505.5,True,"|0,0,0,1|",True,500.5
2022-01-21,507.0,508.9800109863281,498.0,501.0,501.0,77758,-8.67946810317585,-5.303265404718769,-3.3762026984570808,False,False,-6.349210697769401,0.5317515608110478,498.0,False,"|1,0,0,0|",False,
2022-01-24,495.5,502.0,475.5,480.0,480.0,223159,-11.077374480663934,-6.458087219907804,-4.61928726075613,False,False,-6.349210697769401,0.7275372452797911,475.5,False,"|1,0,0,0|",False,
2022-01-25,476.5,489.0,468.7250061035156,470.0,470.0,211543,-13.627558416282625,-7.89198145918277,-5.7355769570998545,False,False,-6.349210697769401,0.903352752038119,468.7250061035156,False,"|1,0,0,0|",False,
2022-01-26,477.0,480.5,472.5669860839844,479.5,479.5,357511,-14.712431634431368,-9.256071494232492,-5.456360140198877,False,False,-6.349210697769401,0.859376133495743,468.7250061035156,True,"|1,0,0,0|",False,
2022-01-27,470.0,479.5,470.0,479.5,479.5,53582,-15.394740468762564,-10.483805289138507,-4.910935179624056,False,False,-6.349210697769401,0.7734717610410002,468.7250061035156,True,"|1,0,0,0|",False,
2022-01-28,469.5,475.5,465.5150146484375,469.0,469.0,135882,-16.59148066139528,-11.705340363589864,-4.886140297805417,False,False,-5.766669491928473,0.8473071509724077,465.5150146484375,True,"|1,0,0,0|",False,
2022-01-31,475.5,483.5,472.2250061035156,483.5,483.5,242642,-16.183326300179544,-12.600937550907801,-3.5823887492717432,False,False,-5.7355769570998545,0.6245908260087486,465.5150146484375,True,"|1,0,0,0|",False,
2022-02-01,484.0,492.0,479.2179870605469,489.0,489.0,96094,-15.240375617276925,-13.128825164181627,-2.1115504530952975,False,False,-5.7355769570998545,0.3681496157908733,465.5150146484375,True,"|1,0,0,0|",False,
2022-02-02,493.0,497.0,490.1499938964844,492.0,492.0,66228,-14.088600950085322,-13.320780321362369,-0.7678206287229532,False,False,-5.7355769570998545,0.13386981544594168,465.5150146484375,True,"|1,0,0,0|",False,
2022-02-03,492.0,492.0,487.0,487.0,487.0,85517,-13.42451977366892,-13.341528211823679,-0.08299156184524037,False,False,-5.7355769570998545,0.014469610026330175,465.5150146484375,True,"|1,0,0,0|",False,
2022-02-04,490.0,490.3739929199219,476.0,476.0,476.0,142558,-13.628734832728185,-13.398969536004579,-0.22976529672360613,False,False,-5.7355769570998545,0.04005966591367732,465.5150146484375,False,"|1,0,0,0|",False,
2022-02-07,482.0,482.0,476.5,477.0,477.0,85730,-13.553647106102005,-13.429905050024063,-0.12374205607794231,False,False,-5.7355769570998545,0.021574474024756426,465.5150146484375,True,"|1,0,0,0|",False,
2022-02-08,476.0,478.5,471.5,472.0,472.0,96811,-13.739220443740862,-13.491768128767424,-0.24745231497343845,False,False,-5.7355769570998545,0.04314340419879234,465.5150146484375,False,"|1,0,0,0|",False,
2022-02-09,476.5,484.5,476.5,482.0,482.0,314708,-12.930319766558682,-13.379478456325677,0.44915868976699436,True,False,-5.7355769570998545,0.0,465.5150146484375,True,"|1,0,0,0|",False,
2022-02-10,480.5,484.5,472.5,479.0,479.0,247631,-12.388527776058197,-13.18128832027218,0.7927605442139836,False,False,-5.7355769570998545,0.0,465.5150146484375,True,"|1,0,0,0|",False,
2022-02-11,469.5,475.0,469.5,474.0,474.0,144765,-12.221727366320124,-12.989376129481771,0.7676487631616471,False,False,-5.7355769570998545,0.0,465.5150146484375,False,"|1,0,0,0|",False,
2022-02-14,469.0,469.4729919433594,455.0,458.0,458.0,68729,-13.22811732624018,-13.037124368833457,-0.19099295740672417,False,True,-5.7355769570998545,0.033299693968939115,455.0,False,"|0,0,1,0|",False,
2022-02-15,455.0,472.0,455.0,469.0,469.0,120190,-12.988359009911164,-13.027371297049,0.03901228713783489,True,False,-5.7355769570998545,0.0,455.0,True,"|0,0,0,1|",True,450.0
2022-02-16,472.5,475.5,470.0,473.0,473.0,127531,-12.333410425869545,-12.888579122813109,0.5551686969435643,False,False,-5.7355769570998545,0.0,455.0,True,"|1,0,0,0|",False,
2022-02-17,470.5,475.5,462.5,465.0,465.0,85177,-12.317898906988091,-12.774443079648107,0.45654417266001524,False,False,-5.7355769570998545,0.0,455.0,False,"|1,0,0,0|",False,
2022-02-18,460.5,463.0,455.5,459.0,459.0,86943,-12.644003487408668,-12.748355161200221,0.10435167379155352,False,False,-5.7355769570998545,0.0,455.0,False,"|1,0,0,0|",False,
2022-02-21,458.0,461.22100830078125,443.0,446.0,446.0,88629,-13.792444196190218,-12.95717296819822,-0.8352712279919974,False,True,-5.7355769570998545,0.1456298528011287,443.0,False,"|0,0,1,0|",False,
2022-02-22,442.0,452.5,436.58599853515625,446.5,446.5,592281,-14.495154789508433,-13.264769332460263,-1.23038545704817,False,False,-5.7355769570998545,0.21451816726565273,436.58599853515625,False,"|0,0,1,0|",False,
2022-02-23,450.0,451.25,444.0,445.5,445.5,189890,-14.9602966378946,-13.603874793547135,-1.3564218443474658,False,False,-5.7355769570998545,0.23649265880190176,436.58599853515625,False,"|0,0,1,0|",False,
2022-02-24,429.5,437.0,423.5,433.0,433.0,236660,-16.15138717364505,-14.113377269566717,-2.038009904078331,False,False,-5.7355769570998545,0.3553277934063033,423.5,False,"|0,0,1,0|",False,
2022-02-25,435.0,451.0,431.6510009765625,449.0,449.0,164024,-15.624163233875322,-14.41553446242844,-1.2086287714468824,False,False,-5.7355769570998545,0.21072488094694056,423.5,True,"|0,0,0,1|",True,426.6510009765625
2022-02-28,440.5,453.0,439.0,453.0,453.0,101331,-14.713954613872147,-14.47521849271718,-0.23873612115496634,False,False,-5.7355769570998545,0.04162373252780505,423.5,True,"|1,0,0,0|",False,
2022-03-01,455.5,455.5,435.5,435.5,435.5,85713,-15.2291590679975,-14.626006607773245,-0.6031524602242548,False,False,-5.7355769570998545,0.10515985832561014,423.5,False,"|1,0,0,0|",False,
2022-03-02,436.0,439.5,430.42498779296875,436.0,436.0,112560,-15.419371571728504,-14.7846796005643,-0.6346919711642052,False,False,-5.7355769570998545,0.11065878392208545,423.5,False,"|1,0,0,0|",False,
2022-03-03,431.0,441.25,422.5,425.0,425.0,456159,-16.270171930721574,-15.081778066595756,-1.1883938641258176,False,False,-5.7355769570998545,0.20719691724382663,422.5,False,"|1,0,0,0|",False,
2022-03-04,423.5,430.0,399.0,402.0,402.0,226634,-18.586096035802257,-15.78264166043706,-2.803454375365197,False,False,-5.7355769570998545,0.4887833249094333,399.0,False,"|1,0,0,0|",False,
2022-03-07,389.5,393.25,369.0,377.0,377.0,392332,-22.18306097574697,-17.062725523499044,-5.120335452247925,False,False,-5.7355769570998545,0.892732412196066,369.0,False,"|1,0,0,0|",False,
2022-03-08,378.0,386.0,370.0,374.5,374.5,378200,-24.947827665832563,-18.639745951965747,-6.308081713866816,False,False,-6.308081713866816,1.0,369.0,False,"|1,0,0,0|",False,
2022-03-09,389.0,397.0,382.0,396.0,396.0,196101,-25.114550070227722,-19.934706775618142,-5.179843294609579,False,False,-6.308081713866816,0.821143975231476,369.0,True,"|1,0,0,0|",False,
2022-03-10,396.5,397.5,391.0,397.5,397.5,222990,-24.839309222162683,-20.915627264927053,-3.9236819572356296,False,False,-6.308081713866816,0.6220087397743039,369.0,True,"|1,0,0,0|",False,
2022-03-11,400.0,409.5,395.0,404.0,404.0,229571,-23.8220771382409,-21.496917239589823,-2.3251598986510764,False,False,-6.308081713866816,0.368600155185017,369.0,True,"|1,0,0,0|",False,
2022-03-14,412.0,416.1600036621094,403.04998779296875,414.0,414.0,125379,-21.95590301072997,-21.588714393817856,-0.367188616912113,False,False,-6.308081713866816,0.05820923595598584,369.0,True,"|1,0,0,0|",False,
2022-03-15,405.5,413.0,400.5,413.0,413.0,351922,-20.323363128414996,-21.335644140737287,1.0122810123222905,True,False,-6.308081713866816,0.0,369.0,True,"|1,0,0,0|",False,
2022-03-16,424.0,434.0,417.5,428.0,428.0,390169,-17.6161212390611,-20.59173956040205,2.9756183213409493,False,False,-6.308081713866816,0.0,369.0,True,"|1,0,0,0|",False,
2022-03-17,428.0,435.5,426.0,432.5,432.5,866099,-14.935334914864256,-19.460458631294493,4.525123716430237,False,False,-6.308081713866816,0.0,369.0,True,"|1,0,0,0|",False,
2022-03-18,429.0,446.5,428.489990234375,446.5,446.5,379114,-11.547991424888608,-17.877965190013317,6.329973765124709,False,False,-6.308081713866816,0.0,369.0,True,"|1,0,0,0|",False,
2022-03-21,440.0,440.0,435.0,439.0,439.0,202606,-9.36077936746625,-16.174528025503903,6.813748658037653,False,False,-6.308081713866816,0.0,369.0,True,"|1,0,0,0|",False,
2022-03-22,436.0,443.0,434.0,442.0,442.0,77744,-7.301159906878411,-14.399854401778803,7.098694494900393,False,False,-6.308081713866816,0.0,369.0,True,"|1,0,0,0|",False,
2022-03-23,439.5,445.0,434.9549865722656,444.0,444.0,367754,-5.444749679965469,-12.608833457416138,7.164083777450669,False,False,-6.308081713866816,0.0,369.0,True,"|1,0,0,0|",False,
2022-03-24,442.5,443.9540100097656,438.92999267578125,442.0,442.0,189059,-4.087792949215725,-10.904625355776057,6.816832406560332,False,False,-6.308081713866816,0.0,369.0,False,"|1,0,0,0|",False,
2022-03-25,446.5,448.0,437.87701416015625,443.5,443.5,96154,-2.8584075597821084,-9.295381796577267,6.436974236795159,False,False,-6.308081713866816,0.0,369.0,False,"|1,0,0,0|",False,
2022-03-28,440.0,448.5,439.5,446.5,446.5,135708,-1.623323199644517,-7.760970077190717,6.1376468775462,False,False,-6.308081713866816,0.0,369.0,False,"|1,0,0,0|",False,
2022-03-29,442.5,460.5,442.5,456.0,456.0,87329,0.12066963878436354,-6.184642133995701,6.3053117727800645,False,False,-6.308081713866816,0.0,369.0,True,"|1,0,0,0|",False,
2022-03-30,452.5,459.5,449.0,455.0,455.0,99938,1.4058985630747998,-4.666533994581601,6.072432557656401,False,False,-6.308081713866816,0.0,369.0,False,"|1,0,0,0|",False,
2022-03-31,453.0,454.510986328125,447.0,450.0,450.0,132159,1.9979622733368956,-3.3336347409979017,5.331597014334797,False,False,-6.308081713866816,0.0,369.0,False,"|1,0,0,0|",False,
2022-04-01,448.5,454.05999755859375,446.0,450.0,450.0,96577,2.4390610516067,-2.179095582476981,4.618156634083681,False,False,-6.308081713866816,0.0,369.0,False,"|1,0,0,0|",False,
2022-04-04,454.5,455.1300048828125,446.5,449.0,449.0,103036,2.677083616260859,-1.2078597427294129,3.884943358990272,False,False,-6.308081713866816,0.0,369.0,False,"|1,0,0,0|",False,
2022-04-05,449.0,451.3999938964844,445.0,447.0,447.0,180451,2.6735162987774856,-0.43158453442803296,3.1051008332055186,False,False,-6.308081713866816,0.0,369.0,False,"|1,0,0,0|",False,
2022-04-06,448.0,453.989990234375,431.0,438.0,438.0,341167,1.922305261014401,0.03919342466045396,1.883111836353947,False,False,-6.308081713866816,0.0,369.0,False,"|1,0,0,0|",False,
2022-04-07,431.0,439.0,430.0,435.0,435.0,220426,1.0725267555951632,0.24586009084739588,0.8266666647477673,False,False,-6.308081713866816,0.0,369.0,False,"|1,0,0,0|",False,
2022-04-08,434.5,436.7640075683594,429.5,431.0,431.0,161047,0.07543503268840368,0.21177507921559746,-0.13634004652719378,False,True,-6.308081713866816,0.021613551109758558,369.0,False,"|0,1,0,0|",False,
2022-04-11,428.0,431.5,425.0,429.0,429.0,184511,-0.866166002402224,-0.0038131371079668922,-0.862352865294257,False,False,-6.308081713866816,0.1367060390797696,369.0,False,"|0,1,0,0|",False,
2022-04-12,424.5,430.0,424.5,430.0,430.0,115138,-1.51424469433897,-0.3058994485541676,-1.2083452457848023,False,False,-6.308081713866816,0.19155510353148136,369.0,False,"|0,1,0,0|",False,
2022-04-13,437.0,437.0,424.57000732421875,427.0,427.0,178075,-2.244058542584014,-0.693531267360137,-1.550527275223877,False,False,-6.308081713866816,0.24580012522910283,369.0,False,"|0,1,0,0|",False,
2022-04-14,438.0,438.0,423.0,432.0,432.0,177744,-2.391416306711335,-1.0331082752303768,-1.3583080314809581,False,False,-6.308081713866816,0.21532822387113998,369.0,True,"|0,1,0,0|",False,
2022-04-19,423.0,429.75,418.8039855957031,425.5,425.5,145844,-2.998133453475077,-1.4261133108793171,-1.57202014259576,False,False,-6.308081713866816,0.249207320688324,369.0,False,"|0,1,0,0|",False,
2022-04-20,424.5,431.0,421.6570129394531,430.5,430.5,95859,-3.0404544862352623,-1.7489815459505067,-1.2914729402847556,False,False,-6.308081713866816,0.2047330708233788,369.0,True,"|0,1,0,0|",False,
2022-04-21,436.0,442.0,426.45001220703125,438.0,438.0,138008,-2.4406723421147376,-1.8873197051833528,-0.5533526369313848,False,False,-6.308081713866816,0.08772122208166244,369.0,True,"|0,1,0,0|",False,
2022-04-22,430.0,438.0,430.0,436.0,436.0,281711,-2.1024877856050352,-1.9303533212676895,-0.1721344643373457,False,False,-6.308081713866816,0.02728792557632046,369.0,True,"|0,1,0,0|",False,
2022-04-25,422.5,431.1189880371094,419.5,429.0,429.0,283574,-2.371972955763283,-2.0186772481668087,-0.35329570759647444,False,False,-6.308081713866816,0.05600683751763043,369.0,False,"|0,1,0,0|",False,
2022-04-26,430.0,432.0,425.0,428.0,428.0,170832,-2.635849109077242,-2.1421116203488952,-0.49373748872834655,False,False,-6.308081713866816,0.07827062348336139,369.0,False,"|0,1,0,0|",False,
2022-04-27,425.0,429.32501220703125,421.54998779296875,425.0,425.0,1829869,-3.051867756688125,-2.3240628476167413,-0.7278049090713838,False,False,-6.308081713866816,0.11537658230892571,369.0,False,"|0,1,0,0|",False,
2022-04-28,429.0,434.5,426.0,429.0,429.0,247053,-3.0239408551091174,-2.4640384491152165,-0.5599024059939008,False,False,-6.308081713866816,0.08875953600332867,369.0,True,"|0,1,0,0|",False,
2022-04-29,429.0,436.4330139160156,428.0,434.0,434.0,104345,-2.56873954231844,-2.484978667755861,-0.08376087456257864,False,False,-6.308081713866816,0.013278343300222362,369.0,True,"|0,1,0,0|",False,
2022-05-03,431.5,435.8500061035156,421.54901123046875,424.5,424.5,223931,-2.9406617070062566,-2.5761152756059404,-0.3645464314003162,False,False,-6.308081713866816,0.05779037874524479,369.0,False,"|0,1,0,0|",False,
2022-05-04,420.5,422.62200927734375,418.0,420.0,420.0,107838,-3.5575162597348253,-2.7723954724317177,-0.7851207873031076,False,False,-6.308081713866816,0.12446268499934085,369.0,False,"|0,1,0,0|",False,
2022-05-05,429.0,431.0,420.0,420.0,420.0,205490,-4.000265367845088,-3.017969451514392,-0.9822959163306964,False,False,-6.308081713866816,0.15572022698617752,370.0,False,"|0,1,0,0|",False,
2022-05-06,420.7250061035156,421.0400085449219,412.0,416.5,416.5,237277,-4.5807637808125605,-3.3305283173740263,-1.2502354634385342,False,False,-5.179843294609579,0.24136549936551088,382.0,False,"|0,1,0,0|",False,
