Date,Open,High,Low,Close,Adj Close,Volume,macd,signal,macd_diff,crossover,crossunder,13EMA,impulse,force_index,screen_passed
2021-05-06,720.5999755859375,735.7999877929688,718.2000122070312,735.7999877929688,702.9651489257812,1082527,0.0,0.0,0.0,False,False,735.7999877929688,0,,0
2021-05-07,740.0,745.2000122070312,731.2000122070312,742.2000122070312,709.0795288085938,925032,0.14359029134118373,0.0797723840784354,0.06381790726274833,True,False,739.2461547851564,green,5920227.3837890625,0
2021-05-10,745.0,755.5999755859375,741.5999755859375,750.5999755859375,717.1046142578125,1012619,0.4434448937047364,0.22881849458101775,0.21462639912371864,False,False,743.6267628106546,green,7859528.733535766,0
2021-05-11,740.5999755859375,746.5999755859375,723.5999755859375,725.5999755859375,693.22021484375,3686629,-0.33365854139105977,0.038277493235463055,-0.3719360346265228,False,True,738.0311175454256,red,-61388723.85121975,0
2021-05-12,724.4000244140625,731.0,718.0,719.2000122070312,687.1058959960938,1283737,-1.003569844071535,-0.27164853523520505,-0.73192130883633,False,False,733.0246416382741,red,-25497047.35864563,0
2021-05-13,714.4000244140625,716.47998046875,699.0,711.5999755859375,679.8450317382812,6395999,-1.7123956269139171,-0.6621711010688398,-1.0502245258450773,False,False,727.9525308338058,red,-40969238.440104336,0
2021-05-14,717.5999755859375,725.2000122070312,713.0,725.2000122070312,692.838134765625,1019684,-1.5213725113926557,-0.8796120566139333,-0.6417604547787225,False,False,727.3568227875126,blue,-4361035.97241865,1
2021-05-17,726.4000244140625,734.4000244140625,714.5999755859375,715.0,683.09326171875,1015280,-1.8539346278397488,-1.1137600926195097,-0.7401745352202391,False,False,724.8657789525586,red,-8359419.170047352,0
2021-05-18,715.0,723.7999877929688,702.0,719.2000122070312,687.1058959960938,1405321,-1.847641339986012,-1.2832903015648143,-0.5643510384211978,False,False,723.7869668963208,blue,1149886.5481951456,0
2021-05-19,707.7999877929688,716.7999877929688,703.4000244140625,707.4000244140625,675.83251953125,1353556,-2.4241055970693424,-1.538899151994849,-0.8852064450744934,False,False,720.8083848594476,red,-10265247.284216082,0
2021-05-20,712.4000244140625,719.0,704.7999877929688,719.0,686.914794921875,1567310,-2.1886763984732625,-1.6810667007386761,-0.5076096977345863,False,False,720.4919930534787,blue,8699077.224825894,0
2021-05-21,706.7999877929688,722.2000122070312,702.4000244140625,706.7999877929688,675.25927734375,1418839,-2.656453387683314,-1.8905388549561941,-0.7659145327271197,False,False,718.1709714173062,red,-8640307.552933963,0
2021-05-24,708.4000244140625,714.0,703.0,713.4000244140625,681.5647583007812,916189,-2.595306538841328,-2.0396921826386376,-0.5556143562026903,False,False,717.3832179404901,blue,1151169.8746430767,0
2021-05-25,715.0,723.4000244140625,701.7999877929688,704.5999755859375,673.1574096679688,2437237,-3.0258468278519786,-2.2459964702027784,-0.7798503576492002,False,False,715.3184729088623,red,-13914822.562035155,0
2021-05-26,702.2000122070312,705.4000244140625,691.7999877929688,699.2000122070312,667.9983520507812,2065969,-3.6323744931406736,-2.5333836108815446,-1.098990882259129,False,False,712.7627212975744,red,-12075711.764136381,0
2021-05-27,697.7999877929688,709.2000122070312,697.7999877929688,699.4000244140625,668.189453125,4903392,-4.034818271295876,-2.8423676710792214,-1.1924506002166546,False,False,710.6766829081607,red,-3371411.1441882015,0
2021-05-28,702.7999877929688,709.5999755859375,692.4000244140625,703.2000122070312,671.8198852539062,2334925,-4.056505445975517,-3.090789181159625,-0.9657162648158923,False,False,709.5247717435251,blue,4791320.80656058,0
2021-06-01,696.2000122070312,717.4000244140625,696.2000122070312,712.5999755859375,680.8004150390625,1353589,-3.4306493751035987,-3.1600081581849735,-0.2706412169186252,False,False,709.9933079746033,green,10079564.996530062,0
2021-06-02,713.2000122070312,728.5999755859375,713.2000122070312,723.7999877929688,691.5006103515625,1607121,-2.189477866759603,-2.9630638330542305,0.7735859662946276,True,False,712.0770849149615,green,15359704.891256496,0
2021-06-03,727.4000244140625,727.4000244140625,707.4000244140625,715.5999755859375,683.66650390625,1762649,-1.7409398569085397,-2.715788143221344,0.9748482863128043,False,False,712.6045227186263,green,-4515927.264489611,1
2021-06-04,713.0,718.7999877929688,709.0,716.2000122070312,684.2398071289062,1513148,-1.3338232739780551,-2.436822162345442,1.1029988883673867,False,False,713.139162094794,green,-900012.945036326,1
2021-06-07,715.0,729.2000122070312,711.2000122070312,728.7999877929688,696.2774658203125,3118160,-0.15757677841793338,-1.9775845097815978,1.8200077313636644,False,False,715.4543627032587,green,25892488.936247148,0
2021-06-08,728.7999877929688,737.7999877929688,728.0,735.0,702.2008056640625,2515673,1.1777423345209854,-1.3427718684959447,2.52051420301693,False,False,718.329560976178,green,19028965.18446295,0
2021-06-09,732.2000122070312,735.4000244140625,719.7999877929688,725.2000122070312,692.838134765625,1307568,1.5272351849405368,-0.7660469513902728,2.2932821363308094,False,False,719.3359449175867,blue,-2199778.564388886,1
2021-06-10,724.7999877929688,727.4000244140625,709.4000244140625,709.5999755859375,677.9342651367188,2493183,0.6967659095313365,-0.47237491763060474,1.1691408271619412,False,False,717.914967830228,red,-26662423.59027516,0
2021-06-11,708.4000244140625,718.4000244140625,703.5999755859375,712.4000244140625,680.609375,1430133,0.23873174651635054,-0.3297224441551729,0.5684541906715235,False,False,717.1125376562599,red,-6217846.376258998,0
2021-06-14,716.0,722.7999877929688,711.5999755859375,718.5999755859375,686.5326538085938,1657417,0.3185343575743218,-0.19975684627539694,0.5182912038497187,False,False,717.3283907680518,blue,4777987.522208357,0
2021-06-15,723.0,723.5999755859375,701.7999877929688,703.2000122070312,671.8198852539062,1954012,-0.7241229480553102,-0.30483331407931885,-0.41928963397599134,False,True,715.2827410069674,red,-18468479.653895836,0
2021-06-16,703.2000122070312,709.4000244140625,693.7999877929688,702.2000122070312,670.864501953125,2434903,-1.6013037787022313,-0.5645292670266435,-1.0367745116755878,False,False,713.3921455059713,red,-7779428.551298146,0
2021-06-17,690.5999755859375,697.2000122070312,686.2000122070312,686.2000122070312,664.090087890625,1574957,-3.4295807588155185,-1.1382497969998322,-2.291330961815686,False,False,709.4690761659631,red,-19392684.183766216,0
2021-06-18,686.2000122070312,691.0,670.2000122070312,670.2000122070312,648.6055297851562,7672983,-5.987979545497183,-2.109157286904258,-3.878822258592925,False,False,703.8116469506548,red,-88309380.06125574,0
2021-06-21,667.2000122070312,679.7999877929688,662.0,677.5999755859375,655.76708984375,1439791,-7.372986991900348,-3.1627579763699765,-4.210229015530372,False,False,700.0399430412851,red,-22333526.2382326,0
2021-06-22,693.4000244140625,711.7999877929688,689.2000122070312,699.2000122070312,676.6712036132812,2174858,-6.770845686732855,-3.884833187980256,-2.8860124987525992,False,False,699.9192071738458,blue,23873499.55104163,0
2021-06-23,699.5999755859375,702.0,694.4000244140625,698.0,675.5098266601562,1515584,-6.311296199322442,-4.370371987669037,-1.940924211653405,False,False,699.6435754413226,blue,6745353.649826375,0
2021-06-24,699.4000244140625,699.4000244140625,690.5999755859375,695.4000244140625,672.9935913085938,1973919,-6.073760346625249,-4.7111879108233365,-1.362572435801913,False,False,699.0345903049962,blue,-1172976.2558033178,1
2021-06-25,698.0,699.0,686.2000122070312,698.0,675.5098266601562,1142230,-5.622502728564655,-4.893510041285677,-0.7289926872789776,False,False,698.8862145535454,blue,1588854.6570824878,0
2021-06-28,697.4000244140625,700.7999877929688,674.2000122070312,675.2000122070312,653.4444580078125,1311149,-6.926885206091697,-5.300290680538646,-1.6265945255530507,False,False,695.4911521400048,red,-19399835.910814624,0
2021-06-29,673.4000244140625,684.2000122070312,671.4000244140625,672.5999755859375,650.92822265625,1105651,-8.065126056441386,-5.853372626345183,-2.211753430096203,False,False,692.2116120033529,red,-8383100.697037492,0
2021-06-30,671.7999877929688,680.5999755859375,661.4000244140625,675.4000244140625,653.6380615234375,1668799,-8.650133612398008,-6.412817777325347,-2.2373158350726614,False,False,689.8040593636721,red,320778.8905382839,0
2021-07-01,679.0,691.7999877929688,678.0,689.7999877929688,667.5740356445312,1465093,-7.908704806087826,-6.712034955862895,-1.1966698502249313,False,False,689.8034764869294,blue,14171783.327974023,0
2021-07-02,693.2000122070312,705.2000122070312,691.7999877929688,699.4000244140625,676.86474609375,1502591,-6.501864318452476,-6.669996358070326,0.1681320396178494,True,False,691.1768835204902,green,14340546.860341927,0
2021-07-05,698.4000244140625,708.0,697.0,704.5999755859375,681.8971557617188,1090591,-4.926238932288015,-6.321215201894523,1.3949762696065076,False,False,693.097430611069,green,8560862.252438195,0
2021-07-06,693.5999755859375,697.4000244140625,677.0880126953125,682.7999877929688,660.799560546875,2098841,-5.316505956542869,-6.120259676499827,0.8037537199569575,False,False,691.6244197772561,red,-27649518.035442155,0
2021-07-07,685.4000244140625,694.4000244140625,675.5999755859375,679.4000244140625,657.5091552734375,1407707,-5.8239184619873186,-6.060988206551551,0.23706974456423247,False,False,689.8760962240037,red,-12407274.177300707,0
2021-07-08,672.5999755859375,679.7999877929688,662.4000244140625,667.5999755859375,646.0892944335938,3207919,-7.068589055905477,-6.262517154245994,-0.8060719016594833,False,True,686.6906990067328,red,-29371491.950213518,0
2021-07-09,667.5999755859375,690.2000122070312,667.5999755859375,688.7999877929688,666.6063232421875,1496920,-6.316605961115897,-6.2733352925770784,-0.04327066853881867,False,False,686.9922770766123,green,11365984.198561639,0
2021-07-12,689.4000244140625,699.5999755859375,680.7999877929688,699.0,676.4776611328125,2120168,-4.861998828866149,-5.991060131151829,1.1290613022856801,True,False,688.7088911713703,green,18205821.0534919,0
2021-07-13,699.4000244140625,707.5999755859375,686.5999755859375,687.5999755859375,665.4448852539062,1583521,-4.5556403181789165,-5.70396976622817,1.1483294480492532,False,False,688.5503776929841,blue,-5966178.355623142,1
2021-07-14,683.2000122070312,687.7999877929688,674.301025390625,675.2000122070312,653.4444580078125,1801708,-5.231660757076611,-5.609506279112932,0.3778455220363215,False,False,686.6421820933709,red,-16882801.598195996,0
2021-07-15,674.5999755859375,677.4000244140625,667.7999877929688,668.2000122070312,646.6699829101562,5891471,-6.248681983251913,-5.737343244490867,-0.5113387387610464,False,True,684.0064018007868,red,-33121131.866065335,0
2021-07-16,672.5999755859375,681.7999877929688,666.7650146484375,672.0,650.3475952148438,1066426,-6.6762524982875675,-5.925127239364395,-0.7511252589231727,False,False,682.2905405520006,red,-8338773.433952116,0
2021-07-19,662.0,662.7999877929688,644.2000122070312,653.2000122070312,632.1533813476562,2244317,-8.409133775595592,-6.421933084626611,-1.9872006909689812,False,False,678.1333781254175,red,-30908345.947018873,0
2021-07-20,658.4000244140625,666.5999755859375,655.7999877929688,662.7999877929688,641.4440307617188,3553108,-8.916616485557938,-6.920873410823394,-1.995743074734544,False,False,675.9422736615086,red,12437051.38712652,0
2021-07-21,667.7999877929688,695.5999755859375,663.7999877929688,690.2000122070312,667.9611206054688,4578930,-7.058323001558392,-6.9483634896775754,-0.10995951188081676,False,False,677.9795876862651,green,87787546.3225643,0
2021-07-22,695.2000122070312,707.0,687.2000122070312,689.0,666.7998046875,1911762,-5.616521072703904,-6.681993760523495,1.0654726878195913,True,False,679.5542597311708,green,27733090.282895785,0
2021-07-23,691.5999755859375,701.4000244140625,688.5999755859375,692.0,669.7031860351562,1275941,-4.186652328129526,-6.182923606801573,1.9962712786720473,False,False,681.3325395687842,green,11796245.42763193,0
2021-07-26,688.0,700.5999755859375,683.5999755859375,699.0,676.4776611328125,3818052,-2.4668260405021556,-5.439701868963567,2.9728758284614116,False,False,683.8568481216295,green,21749657.809210643,0
2021-07-27,692.0,700.5999755859375,687.4000244140625,698.2000122070312,675.7034301757812,1261388,-1.1545689578027805,-4.582673234555533,3.4281042767527525,False,False,685.906139905234,green,6577155.934938704,0
2021-07-28,700.7999877929688,715.0,699.4000244140625,701.0,678.4132080078125,1517138,0.10773055979689161,-3.6445906786758813,3.752321238472773,False,False,688.0626476748939,green,5024363.898478917,0
2021-07-29,702.4000244140625,712.5999755859375,698.7999877929688,708.2000122070312,685.3812255859375,3122593,1.6644411094066527,-2.5827826938433724,4.247223803250025,False,False,690.939690819363,green,16663259.777886527,0
2021-07-30,703.5999755859375,714.5999755859375,701.7999877929688,709.5999755859375,686.7360229492188,3714774,2.9756736893378957,-1.4710900542759089,4.446763743613804,False,False,693.6056656235653,green,9021451.633237565,0
2021-08-02,715.0,732.0,715.0,721.7999877929688,698.54296875,3029817,4.9344878261304075,-0.1899732216789125,5.12446104780932,False,False,697.6337106373418,green,27649686.80112639,0
2021-08-03,719.7999877929688,723.5999755859375,710.0,712.4000244140625,689.4459228515625,1037986,5.6683236850602725,0.9816870789977875,4.686636606062485,False,False,699.7433118404208,blue,2711875.341830542,0
2021-08-04,715.7999877929688,720.2000122070312,706.4000244140625,709.4000244140625,686.5425415039062,954838,5.940844213682567,1.973519128517811,3.967325085164756,False,False,701.1229138486949,blue,-1005717.5527231527,1
2021-08-05,707.5999755859375,727.0,707.5999755859375,725.0,701.639892578125,1262545,7.323238357989453,3.0434635117041187,4.279774846285335,False,False,704.5340779873175,green,12795208.266523922,0
2021-08-06,724.0,727.4000244140625,710.4000244140625,723.5999755859375,700.284912109375,1108614,8.211654324616347,4.077102089534853,4.134552235081494,False,False,707.2578815615191,blue,3230344.978326984,0
2021-08-09,721.2000122070312,722.0,710.7999877929688,710.7999877929688,687.8974609375,1514864,7.7983815800211005,4.821358226826804,2.977023353194297,False,False,707.7639132853386,blue,-11850045.479229547,1
2021-08-10,710.4000244140625,714.7999877929688,703.2000122070312,712.5999755859375,689.639404296875,1067085,7.528549677919727,5.3627966562546705,2.165753021665057,False,False,708.4547986935856,blue,-2669521.8437031433,1
2021-08-11,712.5999755859375,723.7999877929688,712.5999755859375,721.7999877929688,698.54296875,876492,7.961831799641686,5.8826037918502,2.079228007791486,False,False,710.361300083764,blue,4485984.1183424415,0
2021-08-12,723.0,732.0,718.5999755859375,721.0,697.7686767578125,897045,8.146937723812243,6.335470652762058,1.8114670710501857,False,False,711.88114565606,blue,1016911.3396183789,0
2021-08-13,721.0,738.2000122070312,716.7999877929688,731.7999877929688,708.2208251953125,918285,9.057200924209269,6.879816778709422,2.177384145499847,False,False,714.7267447614281,green,6950614.973516998,0
2021-08-16,722.7999877929688,737.0,722.7999877929688,730.5999755859375,707.0593872070312,1275645,9.571680047555901,7.418189489175981,2.1534905583799198,False,False,716.9943834736885,blue,1296345.2766134134,0
2021-08-17,725.0,728.7999877929688,714.93701171875,719.7999877929688,696.6073608398438,1055182,9.006975218162552,7.735946661744283,1.271028556418269,False,False,717.3951892885142,blue,-7165186.720702429,1
2021-08-18,722.2000122070312,726.5999755859375,713.2000122070312,719.0,695.8331909179688,1271740,8.398248470315139,7.868407032386266,0.529841437928873,False,False,717.6244505099869,blue,-3066646.557454195,1
2021-08-19,708.4000244140625,716.8419799804688,705.7999877929688,710.0,687.1231689453125,912094,7.109721214410115,7.716669860609383,-0.6069486461992684,False,True,716.5352329164715,red,-6494779.519151398,0
2021-08-20,710.7999877929688,716.4000244140625,703.4000244140625,711.2000122070312,688.2845458984375,1996166,6.114640770192409,7.396264028704991,-1.2816232585125817,False,False,715.7730523049456,red,-567977.4615433045,0
2021-08-23,719.5999755859375,721.0,706.0,712.4000244140625,689.4459228515625,3909387,5.360824587421121,6.989176126400129,-1.6283515389790084,False,False,715.2911878046317,red,2938215.5941584166,0
2021-08-24,714.7999877929688,719.5999755859375,708.5999755859375,715.7999877929688,692.7362670898438,2039759,4.979730445963469,6.587286979217851,-1.6075565332543817,False,False,715.3638739533674,green,5602809.132582429,0
2021-08-25,715.4000244140625,723.0,715.010009765625,720.0,696.801025390625,1506615,4.9587235677464605,6.261574289730016,-1.302850721983556,False,False,716.0261810804593,green,6086137.305058401,0
2021-08-26,713.7999877929688,719.7999877929688,709.5999755859375,714.2000122070312,697.9737548828125,1310102,4.423971709297575,5.894053767150003,-1.4700820578524274,False,False,715.7652986628167,red,-3037004.6366764964,0
2021-08-27,713.2000122070312,716.7999877929688,706.5999755859375,715.0,698.7555541992188,1830889,4.01828650400023,5.518900309217337,-1.5006138052171076,False,False,715.6559698693244,red,-35875.64537165764,0
2021-08-31,716.5999755859375,720.0,705.5999755859375,709.0,692.891845703125,2156694,3.1768193973132384,5.050484121539751,-1.8736647242265123,False,False,714.7051139513654,red,-8638734.548457218,0
2021-09-01,715.2000122070312,731.0,715.2000122070312,726.0,709.5056762695312,1779807,3.8353578007169062,4.807458855176713,-0.9721010544598068,False,False,716.318673580381,green,17291567.817180928,0
2021-09-02,725.0,729.5999755859375,719.4000244140625,729.5999755859375,713.0238037109375,988484,4.594340888189095,4.764835261470722,-0.17049437328162753,False,False,718.2160069528557,green,8136201.450453538,0
2021-09-03,729.4000244140625,742.4000244140625,728.2000122070312,735.4000244140625,718.6920776367188,1719338,5.59866888932379,4.931601988006849,0.6670669013169404,True,False,720.6708715968579,green,9360230.051518368,0
2021-09-06,737.5999755859375,738.5999755859375,730.7999877929688,732.0,715.3693237304688,721961,6.050816842208519,5.155444959883953,0.8953718823245662,False,False,722.2893213408685,green,1483619.9998388048,0
2021-09-07,730.4000244140625,738.0,727.7999877929688,733.7999877929688,717.12841796875,891134,6.479514318065981,5.4202588325015855,1.0592554855643952,False,False,723.9337047265499,green,1563893.547879211,0
2021-09-08,729.7999877929688,729.7999877929688,708.0,708.0,691.91455078125,2514415,4.685600295435847,5.2733271246528926,-0.5877268292170452,False,True,721.6574582706944,red,-42726619.688345276,0
2021-09-09,703.0,709.0,700.572021484375,708.2000122070312,692.1100463867188,1474335,3.24266421529137,4.867194541817477,-1.6245303265261066,False,False,719.7349638594704,red,-14045616.564612813,0
2021-09-10,710.7999877929688,711.4000244140625,695.2000122070312,696.2000122070312,680.3826904296875,832074,1.118821063605651,4.117519844752875,-2.9986987811472243,False,False,716.3728247366001,red,-11338464.188204272,0
2021-09-13,700.2000122070312,705.5999755859375,696.7999877929688,702.5999755859375,686.63720703125,31063,-0.04778464588184761,3.284458945361586,-3.3322435912434334,False,False,714.4052732665747,red,-3646953.354442114,0
2021-09-14,706.5999755859375,706.7999877929688,693.2000122070312,695.7999877929688,679.9917602539062,798777,-1.5032632082192094,2.3269145134828073,-3.8301777217020168,False,False,711.7473734991615,red,-4836767.017683504,0
2021-09-15,695.0,695.2000122070312,683.2000122070312,683.2000122070312,667.6780395507812,1137413,-3.6308502913499296,1.1353615513588635,-4.766211842708794,False,False,707.6691766055038,red,-11166506.359979788,0
2021-09-16,684.7999877929688,693.5999755859375,683.0,692.5999755859375,676.8644409179688,1399997,-4.507014745311039,0.0068862911479815525,-4.513901036459021,False,False,705.5164325062451,blue,5051111.567059146,0
2021-09-17,697.7999877929688,704.7999877929688,695.2000122070312,696.7999877929688,680.9690551757812,5956339,-4.807259796971721,-0.9559429270745055,-3.8513168698972153,False,False,704.2712255750127,blue,18361501.528497253,0
2021-09-20,688.7999877929688,700.2000122070312,682.2000122070312,696.0,680.1871948242188,1417534,-5.051484087229483,-1.7750511595128624,-3.27643292771662,False,False,703.0896214792787,blue,5364493.912086975,0
2021-09-21,701.2000122070312,709.5999755859375,697.0,705.7999877929688,689.7645263671875,1313967,-4.403905226067764,-2.300821973033025,-2.1030832530347388,False,False,703.4768167911401,green,10372738.344271505,0
2021-09-22,709.7999877929688,713.4000244140625,704.5999755859375,704.5999755859375,688.591796875,1217882,-3.9420354861489386,-2.6290646757606826,-1.312970810388256,False,False,703.6372680916519,green,2483263.936941413,0
2021-09-23,709.2000122070312,714.7999877929688,703.5999755859375,703.5999755859375,687.614501953125,1554648,-3.614982775775843,-2.8262482958139232,-0.7887344799619198,False,False,703.63194058958,blue,-208677.35435286225,1
2021-09-24,700.5999755859375,703.2919921875,691.5999755859375,692.0,676.2781372070312,1121761,-4.242510580820749,-3.1095007528729877,-1.1330098279477614,False,False,701.9702344554274,red,-8744492.593622178,0
2021-09-27,698.7999877929688,719.072021484375,694.4000244140625,714.0,697.7783203125,1837359,-2.9315104570889616,-3.073902693710381,0.14239223662141942,True,False,703.6887726878982,green,24033101.135459274,0
2021-09-28,712.5999755859375,715.2000122070312,696.0,699.0,683.1190795898438,1727405,-3.0671170395324907,-3.0725455628746263,0.005428523342135616,False,False,703.0189479187981,red,-9263016.288180241,0
2021-09-29,699.2000122070312,711.5999755859375,696.7999877929688,704.4000244140625,688.3964233398438,1608310,-2.7077794364303145,-2.999592337578155,0.29181290114784053,False,False,703.2162445860745,green,2702270.0808604923,0
2021-09-30,707.0,710.7999877929688,697.0,697.0,681.1644897460938,4357035,-2.985520972403833,-2.9967780645430557,0.011257092139222546,False,False,702.328209548387,red,-20594020.22166304,0
2021-10-01,688.5999755859375,699.7999877929688,681.0,697.0,681.1644897460938,3910325,-3.169099301743586,-3.0312423119854626,-0.13785698975812322,False,True,701.5670366846274,red,-6864673.407221013,0
2021-10-04,697.5999755859375,701.7999877929688,692.2000122070312,694.4000244140625,678.6235961914062,1140496,-3.4841616023084043,-3.1218261700548875,-0.36233543225351683,False,False,700.5431777068198,red,-4265065.639646587,0
2021-10-05,694.0,702.0,694.0,700.7999877929688,684.878173828125,964285,-3.1808847293509643,-3.133637881914608,-0.04724684743635654,False,False,700.579864864503,green,2692570.5780035467,0
2021-10-06,694.2000122070312,697.0,681.7000122070312,684.5999755859375,669.0462036132812,2653731,-4.199038511634399,-3.3467180078658485,-0.8523205037685502,False,False,698.2970234046484,red,-27762792.870116983,0
2021-10-07,694.7999877929688,696.5999755859375,689.2000122070312,689.2000122070312,673.5416870117188,1178277,-4.582004218893417,-3.593775250078117,-0.9882289688152999,False,False,696.9974503108631,red,-5640852.723510674,0
2021-10-08,688.4000244140625,694.3200073242188,684.5999755859375,689.0,673.3462524414062,2087996,-4.8457818455259485,-3.8441765691731598,-1.0016052763527887,False,False,695.8549573599134,red,-2158700.6999918395,0
2021-10-11,685.0,690.7999877929688,679.0,690.7999877929688,675.1053466796875,1472835,-4.8536577547982915,-4.046072806301719,-0.8075849484965723,False,False,695.1328188235874,blue,1047823.1140408061,0
2021-10-12,682.2000122070312,700.0,681.5999755859375,699.7999877929688,683.90087890625,1238952,-4.08668611994824,-4.054195469031137,-0.03249065091710346,False,False,695.7995572689642,green,7782986.371346936,0
2021-10-13,699.0,707.5999755859375,695.0,698.2000122070312,682.3372192382812,1190887,-3.566824102812461,-3.95672119578631,0.389897092973849,True,False,696.1424794123109,green,1324068.7067087442,0
2021-10-14,702.0,702.0,695.4000244140625,698.0,682.1417846679688,1883767,-3.134830141886596,-3.7923429850048946,0.6575128431182988,False,False,696.4078395024595,green,190171.97210115692,0
2021-10-15,700.4000244140625,711.5999755859375,695.5999755859375,711.5999755859375,695.4328002929688,1345501,-1.6758946302275035,-3.3690533140463828,1.6931586838188792,False,False,698.578144700657,green,12262577.82460338,0
2021-10-18,708.4000244140625,709.9459838867188,696.4000244140625,696.4000244140625,680.5781860351562,1112550,-1.726139232536184,-3.0404704977424593,1.3143312652062753,False,False,698.2669846543797,red,-7186277.842645228,0
2021-10-19,697.2000122070312,699.5999755859375,686.7999877929688,698.5999755859375,682.7281494140625,1889972,-1.5703584776792923,-2.746448093728477,1.1760896160491847,False,False,698.3145547881585,blue,376471.46325888234,0
2021-10-20,697.7999877929688,697.7999877929688,676.4000244140625,678.2000122070312,662.7916259765625,2969907,-3.057587654238887,-2.8086760058307876,-0.24891164840809932,False,True,695.4410486689418,red,-40265172.20475192,0
2021-10-21,678.2000122070312,685.968017578125,674.4849853515625,680.0,664.5507202148438,1082456,-4.044374628255696,-3.055815730316495,-0.988558897939201,False,False,693.2351845495604,red,-12122785.67730012,0
2021-10-22,681.5999755859375,683.2000122070312,675.8099975585938,680.4000244140625,664.941650390625,1013264,-4.739499103548042,-3.392552404963594,-1.3469466985844476,False,False,691.4015902275189,red,-3770708.3338396233,0
2021-10-25,680.5999755859375,682.2000122070312,674.4210205078125,675.7999877929688,660.4461669921875,1574230,-5.5970232915849465,-3.8334465822886923,-1.7635767092962542,False,False,689.172789862045,red,-6084579.877962817,0
2021-10-26,676.2000122070312,692.2000122070312,675.0,685.7999877929688,670.2189331054688,1722140,-5.4074286425881155,-4.14824299434905,-1.2591856482390655,False,False,688.6909609917578,blue,9452740.040679062,0
2021-10-27,682.4000244140625,691.697998046875,678.7999877929688,688.2000122070312,672.564453125,1016462,-5.005820951277428,-4.319758585734932,-0.6860623655424964,False,False,688.6208254506738,blue,4777269.090870885,0
2021-10-28,686.5999755859375,690.7999877929688,681.4000244140625,685.0,669.4371337890625,1401840,-4.889378947559635,-4.433682658099982,-0.45569628945965324,False,False,688.1035646694221,blue,-1398180.3779128299,1
2021-10-29,681.7999877929688,693.4000244140625,678.5999755859375,687.0,671.3916625976562,1968284,-4.582895227558424,-4.463525171991693,-0.11937005556673164,False,False,687.9459125731153,blue,2158318.5406957236,0
2021-11-01,683.4000244140625,695.0,679.7470092773438,686.4000244140625,670.8053588867188,1529871,-4.338404190225788,-4.438500975638496,0.10009678541270794,True,False,687.7250714067258,blue,107516.01380938182,0
2021-11-02,687.7999877929688,687.7999877929688,675.7999877929688,679.5999755859375,664.1597900390625,1189172,-4.639835956714478,-4.478767971853712,-0.16106798486076634,False,True,686.5643434286758,red,-5355113.105422915,0
2021-11-03,674.0,678.5999755859375,671.5999755859375,678.5999755859375,663.1825561523438,1085781,-4.902892426593894,-4.563592862801781,-0.339299563792113,False,False,685.4265765909308,red,-2508891.701807638,0
2021-11-04,682.0,705.2000122070312,681.2000122070312,694.4000244140625,678.6235961914062,2097650,-3.792771197360935,-4.409428529713563,0.6166573323526281,True,False,686.708497711484,green,21259017.715608392,0
2021-11-05,693.5999755859375,708.5999755859375,685.0360107421875,707.7999877929688,691.7191162109375,1464848,-1.8108977094182137,-3.8897223656543622,2.0788246562361485,False,False,689.7215677290941,green,20172278.94231217,0
2021-11-08,705.2000122070312,709.0499877929688,695.2000122070312,697.5999755859375,681.7508544921875,1376846,-1.0511560525386585,-3.322009103031107,2.2708530504924487,False,False,690.8470545676972,green,-2638471.024030709,1
2021-11-09,694.2000122070312,703.5999755859375,693.7999877929688,697.0,681.1644897460938,963545,-0.49179766427698723,-2.7559668152801917,2.2641691510032045,False,False,691.7260467735913,blue,-1264892.658645002,1
2021-11-10,696.5999755859375,706.2000122070312,695.0,706.2000122070312,690.155517578125,1886623,0.6859301265124031,-2.067587426921584,2.753517553433987,False,False,693.7937561238052,green,11149672.200495612,0
2021-11-11,706.0,715.5999755859375,697.5999755859375,702.0,686.0509033203125,1432125,1.265800674327238,-1.4009098066717507,2.6667104809989888,False,False,694.966076678801,blue,-293404.254497882,1
2021-11-12,703.7999877929688,713.0,701.0,706.4000244140625,690.3509521484375,1152926,2.0566789681136015,-0.7093920517146233,2.7660710198282246,False,False,696.5994977853355,green,3284133.6135723204,0
2021-11-15,702.4000244140625,715.2000122070312,701.0,710.2000122070312,694.0645751953125,2868958,2.9559996231007517,0.0236862832485,2.932313339852252,False,False,698.5424284185328,green,8362714.790217467,0
2021-11-16,720.0,751.4000244140625,718.02197265625,736.4000244140625,719.6693725585938,3135273,5.716886918011596,1.1623264102011792,4.554560507810417,False,False,703.9506564215363,green,57550365.51165614,0
2021-11-17,741.2000122070312,744.0,717.4000244140625,722.2000122070312,705.7919921875,5942602,6.682085832607299,2.2662782946824493,4.4158075379248505,False,False,706.5577072495405,blue,-37073225.4571335,1
2021-11-18,726.4000244140625,746.2000122070312,723.2000122070312,745.7999877929688,728.8558349609375,1940926,9.244725841870945,3.661967804120195,5.58275803775075,False,False,712.1637473299468,green,18179462.323696386,0
2021-11-19,749.4000244140625,762.0,737.5499877929688,743.5999755859375,726.7057495117188,8067210,10.971642247996442,5.123902692895483,5.847739555100959,False,False,716.6546370827072,green,-5772152.876557585,1
2021-11-22,746.2000122070312,751.8369750976562,742.7999877929688,746.0,729.05126953125,2797753,12.391057282265365,6.5773336107694895,5.813723671495875,False,False,720.8468317867014,blue,2552399.3774918728,0
2021-11-23,739.2000122070312,746.5999755859375,731.7999877929688,740.4000244140625,723.5785522460938,1428266,12.915211075826278,7.844909103780869,5.070301972045409,False,False,723.6401450200518,blue,-4481370.027652449,1
2021-11-24,750.4000244140625,757.4000244140625,747.5999755859375,747.7999877929688,730.810302734375,2880135,13.7689918979587,9.029725662616451,4.739266235342248,False,False,727.0915511313902,blue,12714805.674986618,0
2021-11-25,743.2000122070312,766.2000122070312,741.3200073242188,766.2000122070312,757.4014282226562,2415855,15.748783669508043,10.373537263994784,5.375246405513259,False,False,732.6784741434749,green,33872795.878885515,0
2021-11-26,744.4000244140625,750.7999877929688,731.7999877929688,741.7999877929688,733.2816162109375,4104507,15.174013652528174,11.333632541701471,3.840381110826703,False,False,733.9815475222297,blue,-55475782.04549845,1
2021-11-29,742.7999877929688,763.97802734375,742.7999877929688,751.0,742.3759765625,3282831,15.284666878508688,12.123839409062919,3.1608274694457688,False,False,736.4127550194629,blue,1642796.167247586,0
2021-11-30,741.5999755859375,746.7999877929688,721.5999755859375,727.0,718.651611328125,6471095,13.28266822058879,12.355605171368095,0.9270630492206937,False,False,735.0680757307744,red,-102989921.27758414,0
2021-12-01,731.0,742.5999755859375,727.2849731445312,740.4000244140625,731.8977661132812,1544495,12.631717865625774,12.410827710219632,0.22089015540614199,False,False,735.8297826856239,blue,-20532459.954263072,1
2021-12-02,733.7999877929688,741.7999877929688,727.5999755859375,741.7999877929688,733.2816162109375,1984312,12.089439566824694,12.346550081540645,-0.2571105147159507,False,True,736.6826691296205,blue,-4992177.229871545,1
2021-12-03,745.7999877929688,747.5999755859375,739.5999755859375,745.0,736.4448852539062,2271796,11.78207543996416,12.233655153225348,-0.4515797132611876,False,False,737.8708592540684,blue,3182457.544632662,0
2021-12-06,750.5999755859375,754.2000122070312,747.0,754.2000122070312,745.5392456054688,1693489,12.14089225924181,12.21510257442864,-0.0742103151868303,False,False,740.2035953903875,green,11447565.496526316,0
2021-12-07,761.2000122070312,761.4000244140625,749.7999877929688,756.0,747.3185424804688,3156809,12.427246260758011,12.257531311694514,0.16971494906349704,True,False,742.4602246204827,green,7604000.275331363,0
2021-12-08,754.5999755859375,762.4000244140625,748.2000122070312,753.2000122070312,744.5507202148438,2197984,12.286617206792812,12.263348490714174,0.023268716078638008,False,False,743.9944799900774,blue,-1568218.8209832956,1
2021-12-09,758.4000244140625,760.0,750.5999755859375,751.0,742.3759765625,1293052,11.860920789042552,12.18286295037985,-0.32194216133729725,False,True,744.9952685629725,blue,-2419226.396545213,1
2021-12-10,747.5999755859375,758.0,747.0,751.2000122070312,742.57373046875,1392201,11.40818594978441,12.02792755026076,-0.619741600476349,False,False,745.8816605121609,blue,-620770.6690876622,1
2021-12-13,750.4000244140625,752.7999877929688,738.5999755859375,744.0,735.4563598632812,1309876,10.349114565247305,11.692164953258068,-1.343050388010763,False,False,745.6128518675567,red,-6494339.016160731,0
2021-12-14,747.2000122070312,756.5999755859375,745.0,747.5999755859375,739.0150146484375,1312987,9.68859514230644,11.291450991067743,-1.602855848761303,False,False,745.896726684477,blue,986367.7577153031,0
2021-12-15,746.0,753.0,741.5999755859375,745.0,736.4448852539062,1303749,8.853278323214568,10.803816457497108,-1.9505381342825405,False,False,745.7686228724056,red,-1931021.1275551852,0
2021-12-16,755.2000122070312,755.2000122070312,738.4000244140625,741.2000122070312,732.6885375976562,2301905,7.79480416308661,10.202013998615008,-2.4072098355283984,False,False,745.1159642059087,red,-6475147.642900881,0
2021-12-17,739.5999755859375,751.2000122070312,739.5999755859375,751.2000122070312,742.57373046875,2709066,7.674403070978656,9.69649181308774,-2.0220887421090836,False,False,745.9851139203716,green,15902057.452366373,0
2021-12-20,737.0,743.4000244140625,731.0,740.4000244140625,731.8977661132812,4317879,6.631079933665433,9.083409437203278,-2.452329503537845,False,False,745.1872439908857,red,-25788007.843555287,0
2021-12-21,744.7999877929688,755.7999877929688,744.5999755859375,752.7999877929688,744.1553344726562,842904,6.72726098524447,8.612179746811517,-1.8849187615670466,False,False,746.2747788197702,green,-1628016.7932293664,1
2021-12-22,754.0,758.5999755859375,748.7999877929688,754.4000244140625,745.7369384765625,1383191,6.853590349082879,8.26046186726579,-1.4068715181829106,False,False,747.4355281903976,green,932765.2382350679,0
2021-12-23,757.7999877929688,764.5999755859375,757.5999755859375,758.0,749.2955932617188,1810817,7.161639369329009,8.040697367678433,-0.879057998349424,False,False,748.9447384489281,green,4656853.073145413,0
2021-12-24,761.5999755859375,764.7999877929688,759.0,763.4000244140625,754.6336059570312,142118,7.752144102380726,7.9829867146188915,-0.23084261223816593,False,False,751.0097793011088,green,2063911.4708336273,0
2021-12-29,770.0,772.7999877929688,764.4000244140625,766.0,757.2037353515625,1206412,8.33385159949421,8.053159691593956,0.28069190790025367,True,False,753.1512394009669,green,2779064.98799923,0
2021-12-30,767.7999877929688,773.7999877929688,764.0,773.7999877929688,764.9141845703125,597210,9.31685235151474,8.305898223578113,1.0109541279366265,False,False,756.1010605998439,green,4031842.135892322,0
2021-12-31,765.0,776.4000244140625,765.0,776.4000244140625,767.4843139648438,442227,10.188244480260778,8.682367474914647,1.5058770053461306,False,False,759.0009125733201,green,2110484.9751883913,0
2022-01-04,787.0,789.6119995117188,773.2000122070312,773.2000122070312,764.321044921875,2040518,10.499582606089689,9.045810501149656,1.4537721049400325,False,False,761.0293553781459,blue,-3649626.6807151977,1
2022-01-05,771.0,772.7999877929688,762.7999877929688,764.7999877929688,756.0175170898438,1355559,9.953768957573061,9.227402192434338,0.7263667651387227,False,False,761.5680171516942,blue,-8807694.69003983,1
2022-01-06,750.0,769.0,747.7999877929688,769.0,760.1693115234375,2305253,9.747747003881045,9.33147115472368,0.4162758491573655,False,False,762.6297289871703,blue,3518828.9301836635,0
2022-01-07,768.5999755859375,777.4000244140625,762.0,777.4000244140625,768.4728393554688,2677223,10.145334638168038,9.494243851412552,0.6510907867554856,False,False,764.7397711910185,green,16165435.351320988,0
2022-01-10,778.0,782.2000122070312,772.4000244140625,774.0,765.1118774414062,1810618,10.06999193412912,9.609393467955867,0.46059846617325384,False,False,766.0626610208764,blue,1284381.514079652,0
2022-01-11,776.0,778.7999877929688,761.5999755859375,768.5999755859375,759.7738647460938,2196129,9.465434414820834,9.580601657328861,-0.11516724250802746,False,True,766.4251345301716,blue,-7477972.972927225,1
2022-01-12,770.0,775.2000122070312,763.0,774.0,765.1118774414062,2127547,9.314680637482638,9.527417453359618,-0.2127368158769798,False,False,767.5072581687206,blue,5166546.170401212,0
2022-01-13,769.7999877929688,779.5999755859375,769.0,777.7999877929688,768.8682250976562,2903856,9.39355103827495,9.500644170342685,-0.1070931320677353,False,False,768.9776481150442,green,9078593.62515978,0
2022-01-14,776.4000244140625,789.7999877929688,770.56298828125,787.7999877929688,778.75341796875,2479619,10.14601495099339,9.629718326472826,0.5162966245205638,True,False,771.6665537833229,green,19556991.208386593,0
2022-01-17,790.7999877929688,818.2000122070312,788.4000244140625,813.0,803.6640014648438,2634764,12.630183361688637,10.22981133351599,2.4003720281726473,False,False,777.571331814284,green,50783053.71122652,0
2022-01-18,809.7999877929688,822.4000244140625,803.4000244140625,813.2000122070312,803.8617553710938,4398205,14.448490767142061,11.073547220241204,3.374943546900857,False,False,782.6611432989674,green,17514147.696426094,0
2022-01-19,809.2000122070312,821.5999755859375,805.5999755859375,805.5999755859375,796.3489990234375,2993732,15.102165194802637,11.879270815153493,3.2228943796491443,False,False,785.9381193399661,blue,-9330265.990351459,1
2022-01-20,805.5999755859375,811.7999877929688,798.7999877929688,802.4000244140625,793.185791015625,2820970,15.186932254964063,12.540803103115609,2.646129151848454,False,False,788.2898200648388,blue,-9128066.1683333,1
2022-01-21,794.0,801.5999755859375,784.7999877929688,788.7999877929688,779.7418823242188,1367789,13.995372344164025,12.831716951325296,1.163655392838729,False,False,788.3627011688574,blue,-15444009.049397232,1
2022-01-24,786.4000244140625,792.0,770.4000244140625,774.4000244140625,765.50732421875,1768408,11.753608365175978,12.616095234095434,-0.862486868919456,False,True,786.3680330610284,red,-22124676.642442305,0
2022-01-25,773.5999755859375,783.6420288085938,773.5999755859375,782.0,773.02001953125,1499776,10.469561781335074,12.186788543543363,-1.7172267622082895,False,False,785.7440283380241,red,223948.4421025651,0
2022-01-26,789.0,801.7999877929688,787.0,787.2000122070312,778.1602783203125,3002022,9.759046664901575,11.701240167815007,-1.9421935029134314,False,False,785.9520260335967,blue,10481683.511218434,0
2022-01-27,777.7999877929688,804.0,776.4000244140625,791.5999755859375,782.509765625,3662029,9.442155096070223,11.24942315346605,-1.8072680573958273,False,False,786.7588759696456,green,14235756.83206793,0
2022-01-28,792.0,794.2000122070312,782.5999755859375,786.4000244140625,777.3695068359375,3909219,8.671464608147176,10.733831444402277,-2.0623668362551015,False,False,786.7076114617051,red,-8806579.669421367,0
2022-01-31,792.0,796.0,782.2000122070312,790.2000122070312,781.1258544921875,3086425,8.271959943701177,10.241457144262057,-1.9694972005608804,False,False,787.2065258538947,green,4883391.659468594,0
2022-02-01,791.5999755859375,798.2000122070312,783.5999755859375,786.5999755859375,777.567138671875,2264130,7.577508078859182,9.708667331181482,-2.1311592523223,False,False,787.119875815615,red,-3806170.056788463,0
2022-02-02,789.4000244140625,798.4000244140625,789.4000244140625,794.7999877929688,785.6730346679688,1709529,7.601200245564996,9.287173914058185,-1.6859736684931885,False,False,788.217034669523,green,8076715.759919796,0
2022-02-03,797.4000244140625,802.2000122070312,792.4000244140625,801.2000122070312,791.99951171875,1466273,8.04368217656122,9.038475566558793,-0.9947933899975734,False,False,790.0717457463102,green,8948360.585093709,0
2022-02-04,805.7999877929688,806.5999755859375,790.5999755859375,795.0,785.8707275390625,2196841,7.804102460759395,8.791600945398914,-0.9874984846395183,False,False,790.7757820682659,green,-6097507.149573256,1
2022-02-07,796.0,798.0,783.0,783.0,774.008544921875,1543664,6.570197268229208,8.347320209964973,-1.7771229417357652,False,False,789.6649560585136,red,-14381814.383191086,0
2022-02-08,784.7999877929688,784.7999877929688,775.2000122070312,777.2000122070312,768.275146484375,2173606,5.065911439950241,7.691038455962027,-2.6251270160117857,False,False,787.8842497940159,red,-13198530.305546118,0
2022-02-09,787.0,790.0,778.2000122070312,787.5999755859375,778.5556640625,2288228,4.659235213617421,7.084677807493106,-2.425442593875685,False,False,787.8436391928618,blue,11465481.499876553,0
2022-02-10,792.2000122070312,801.2000122070312,789.4000244140625,801.2000122070312,791.99951171875,2481482,5.372420462807668,6.742226338556019,-1.3698058757483516,False,False,789.7516924806005,green,26320657.883015495,0
2022-02-11,795.0,796.5999755859375,781.5999755859375,794.7999877929688,785.6730346679688,8310070,5.359416530999624,6.46566437704474,-1.1062478460451155,False,False,790.4728775252246,green,-26682881.294040408,1
2022-02-14,783.7999877929688,790.5999755859375,776.0,788.7999877929688,779.7418823242188,1573837,4.809519919773379,6.134435485590468,-1.324915565817089,False,False,790.2338932777594,red,-15189641.764680138,0
2022-02-15,780.4000244140625,795.4000244140625,775.5040283203125,795.4000244140625,786.2661743164062,2359062,4.850378435681023,5.87762407560858,-1.027245639927557,False,False,790.9719120115171,green,5316716.472727063,0
2022-02-16,795.2000122070312,807.4000244140625,793.2000122070312,807.4000244140625,798.1283569335938,1578767,5.784379897275812,5.858975239942027,-0.07459534266621493,False,False,793.3187852118808,green,14402374.824242353,0
2022-02-17,797.7999877929688,799.0,786.0490112304688,793.0,783.8936767578125,1830903,5.301508869158738,5.7474819657853695,-0.44597309662663154,False,False,793.2732444673264,red,-12775906.991772732,0
2022-02-18,792.4000244140625,805.4000244140625,790.0,803.4000244140625,794.1742553710938,1985084,5.692406496488957,5.736466871926088,-0.04406037543713115,False,False,794.7199273168602,green,9504645.712052317,0
2022-02-21,807.2000122070312,809.0,793.2000122070312,794.4000244140625,785.2776489257812,1178596,5.215845981213761,5.632342693783623,-0.4164967125698622,False,False,794.6742269021748,red,-3903360.7626492274,0
2022-02-22,783.0,797.2000122070312,777.2000122070312,795.2000122070312,786.0684204101562,3061407,4.846849198248947,5.475243994676688,-0.6283947964277417,False,False,794.7493390885829,blue,331605.2319896456,0
2022-02-23,796.0,797.4000244140625,777.7999877929688,781.0,772.031494140625,1366075,3.3697500466298607,5.054145205067323,-1.6843951584374626,False,False,792.7851477902138,red,-12821652.706483595,0
2022-02-24,760.0,776.4000244140625,749.0,753.2000122070312,744.5507202148438,4262684,-0.043585653030163485,4.034599033447826,-4.078184686477989,False,False,787.1301284211876,red,-83275593.01235001,0
2022-02-25,758.2000122070312,792.2000122070312,753.2000122070312,790.0,780.9281616210938,2452013,0.21825642506155418,3.271330511770571,-3.053074086709017,False,False,787.5401100753037,green,32397501.30801712,0
2022-02-28,774.0,794.2000122070312,772.4000244140625,794.2000122070312,785.0798950195312,2853790,0.7559597734020826,2.7682563640968736,-2.012296590694791,False,False,788.4915246655505,green,18789802.32687485,0
2022-03-01,785.4000244140625,797.2000122070312,766.5999755859375,767.2000122070312,758.3899536132812,2114740,-0.9852235484213452,2.01756038159323,-3.002783930014575,False,False,785.4498800286192,red,-31802052.557708383,0
2022-03-02,766.7999877929688,784.0,762.2000122070312,775.0,766.1004028320312,2634357,-1.7159497019957826,1.2708583648754272,-2.98680806687121,False,False,783.9570400245307,blue,3097950.775645057,0
2022-03-03,775.0,781.7999877929688,744.7999877929688,744.7999877929688,736.2471923828125,1519687,-4.6780185490629265,0.08108298208775618,-4.759101531150683,False,False,778.3631754200218,red,-29563727.042029444,0
2022-03-04,744.7999877929688,748.5999755859375,713.4000244140625,716.7999877929688,708.5687255859375,1815754,-9.1790350674695,-1.7709406278236954,-7.4080944396458035,False,False,769.5684343304428,red,-43748650.34734315,0
2022-03-07,702.5999755859375,708.7999877929688,677.5999755859375,697.2000122070312,689.1937866210938,2607390,-14.164398823632723,-4.249632266985502,-9.914766556647221,False,False,759.2300883128124,red,-48652737.0111261,0
2022-03-08,679.7999877929688,717.2000122070312,679.7999877929688,701.4000244140625,693.3455810546875,2382817,-17.573849256010135,-6.91447566479043,-10.659373591219705,False,False,750.968650612991,red,-9545672.012294313,0
2022-03-09,719.2000122070312,741.7999877929688,715.0,740.2000122070312,731.7000122070312,2020526,-16.949643780121733,-8.921509287856692,-8.02813449226504,False,False,749.430273697854,blue,49082365.419485874,0
2022-03-10,732.0,742.5999755859375,725.7999877929688,735.4000244140625,735.4000244140625,8464161,-16.650340558444782,-10.46727554197431,-6.183065016470472,False,False,747.425952371598,blue,-10724457.845319487,1
2022-03-11,736.5999755859375,756.4000244140625,736.5999755859375,747.5999755859375,747.5999755859375,2589264,-15.252880832522806,-11.42439660008401,-3.828484232438795,False,False,747.4508128307893,green,17484443.63228934,0
2022-03-14,753.5999755859375,764.4000244140625,749.5999755859375,761.2000122070312,761.2000122070312,1068426,-12.899279820273364,-11.719373244121883,-1.179906576151481,False,False,749.4149841702525,green,15515236.362048918,0
2022-03-15,754.2000122070312,756.4000244140625,745.7999877929688,750.4000244140625,750.4000244140625,1087532,-11.769827532833801,-11.729464101864268,-0.0403634309695331,False,False,749.5557042050825,green,-2658476.095625621,1
2022-03-16,755.4000244140625,781.2000122070312,755.4000244140625,770.2000122070312,770.2000122070312,1865487,-9.17131378723684,-11.217834038938785,2.046520251701944,True,False,752.5048910625038,green,23738254.520086054,0
2022-03-17,774.4000244140625,779.5999755859375,764.0,774.2000122070312,774.2000122070312,1227267,-6.7118364915354505,-10.316634529458119,3.6047980379226683,False,False,755.6041940831506,green,11185463.50669535,0
2022-03-18,776.0,784.0,756.5999755859375,769.0,769.0,4714788,-5.123223199599352,-9.277952263486366,4.1547290638870145,False,False,757.5178806427004,green,-12616148.93347785,1
2022-03-21,767.4000244140625,770.5999755859375,762.2000122070312,764.5999755859375,764.5999755859375,5442679,-4.171197933398389,-8.25660139746877,4.085403464070382,False,False,758.5296084917343,blue,-20170663.296429466,1
2022-03-22,764.7999877929688,780.7999877929688,764.7999877929688,779.2000122070312,779.2000122070312,1568945,-2.2130989221805066,-7.047900902411118,4.834801980230611,False,False,761.4825233082053,green,8547548.5388448,0
2022-03-23,778.0,779.4000244140625,762.7999877929688,762.7999877929688,762.7999877929688,2202284,-1.962019284316284,-6.030724578792151,4.068705294475867,False,False,761.6707325203143,blue,-21229158.064851213,1
2022-03-24,763.2000122070312,770.0,759.5999755859375,765.5999755859375,765.5999755859375,1356328,-1.5195844303879085,-5.128496549111303,3.608912118723395,False,False,762.2320529582606,blue,-4544584.792775925,1
2022-03-25,764.4000244140625,785.2000122070312,763.0,784.0,784.0,620552,0.3121779449816131,-4.04036165029272,4.352539595274333,False,False,765.3417596785091,green,6097253.035871566,0
2022-03-28,790.0,801.0,785.7999877929688,794.7999877929688,794.7999877929688,1982904,2.6052992919125018,-2.711229461851675,5.316528753764176,False,False,769.5500779805748,green,16309310.341709793,0
2022-03-29,803.5999755859375,809.4000244140625,794.2379760742188,806.0,806.0,1314137,5.265662563627643,-1.115851056755811,6.381513620383454,False,False,774.7572096976355,green,15248670.408377549,0
2022-03-30,803.7999877929688,809.0,799.5999755859375,806.4000244140625,806.4000244140625,3617049,7.321895989837685,0.5716983525628887,6.7501976372747965,False,False,779.2776117999822,green,6047495.407366085,0
2022-03-31,808.4000244140625,812.7999877929688,785.5999755859375,785.5999755859375,785.5999755859375,1815213,7.19020154861289,1.8953989917728897,5.294802556840001,False,False,780.1808066265473,blue,-23155180.88650948,1
2022-04-01,790.0,793.7999877929688,777.0,777.0,777.0,1541687,6.319044596847789,2.7801281127878696,3.538916484059919,False,False,779.7264056798977,red,-16557374.00294131,0
2022-04-04,777.4000244140625,780.0,769.0,771.0,771.0,1085488,5.085869845866,3.2412764594034966,1.8445933864625035,False,False,778.4797762970551,red,-9861076.667647103,0
2022-04-05,772.7999877929688,787.2000122070312,769.4000244140625,784.7999877929688,784.7999877929688,3319528,5.1626023726437325,3.6255416420515445,1.537060730592188,False,False,779.3826636536141,blue,27252605.02972961,0
2022-04-06,783.4000244140625,787.4000244140625,773.0,776.5999755859375,776.5999755859375,1708363,4.509755354151025,3.8023843844714404,0.7073709696795847,False,False,778.9851367868032,red,-254863.2927838154,0
2022-04-07,782.5999755859375,784.5999755859375,770.5999755859375,773.0,773.0,3960957,3.6596947652500376,3.7738464606271607,-0.11415169537712311,False,True,778.1301172458313,red,-9591186.762226766,0
2022-04-08,775.5999755859375,783.7999877929688,775.2000122070312,783.7999877929688,783.7999877929688,1097407,3.81352443430103,3.781782055361935,0.03174237893909515,True,False,778.9400987525652,green,4704259.215203383,0
2022-04-11,781.0,788.2000122070312,778.5999755859375,785.5999755859375,785.5999755859375,1011325,4.034176055111288,3.8322608553118056,0.2019151997994828,False,False,779.8915097287612,green,2781668.174883875,0
2022-04-12,783.0,784.2000122070312,749.6729736328125,750.0,750.0,1919549,1.3211936749763709,3.330047419244719,-2.008853744268348,False,True,775.6212940532239,red,-44630042.29904587,0
2022-04-13,746.5999755859375,750.0,733.4000244140625,748.4000244140625,748.4000244140625,1612252,-0.9470520377562934,2.4746275278445165,-3.42167956560081,False,False,771.7325412476293,red,-16596389.99193456,0
2022-04-14,750.2000122070312,770.7999877929688,750.2000122070312,770.7999877929688,770.7999877929688,2057500,-0.9264833576970659,1.7944053507361999,-2.720888708433266,False,False,771.599319325535,blue,25193153.104088217,0
2022-04-19,771.7999877929688,772.8389892578125,755.4000244140625,757.2000122070312,757.2000122070312,1946231,-1.9847084091825309,1.0385825987524535,-3.0232910079349846,False,False,769.5422754514631,red,-9248078.355033746,0
2022-04-20,763.7999877929688,763.7999877929688,746.7999877929688,758.0,758.0,1536376,-2.727367661148378,0.285392546772287,-3.012760207920665,False,False,767.893378958397,blue,-2263304.754737811,1
2022-04-21,760.4000244140625,774.5999755859375,758.2000122070312,766.4000244140625,766.4000244140625,1636289,-2.6080546741126227,-0.29329689740469517,-2.3147577767079275,False,False,767.6800425949206,blue,8408810.114062006,0
2022-04-22,758.5999755859375,768.2000122070312,755.2000122070312,756.5999755859375,756.5999755859375,1057367,-3.2666246894942788,-0.887962455822612,-2.3786622336716667,False,False,766.0971758793515,red,-4105228.781478029,0
2022-04-25,763.0,763.0,744.7999877929688,753.5999755859375,753.5999755859375,1228977,-3.9846880939940093,-1.5073075834568916,-2.4773805105371176,False,False,764.3118615517209,red,-3826363.5938260094,0
2022-04-26,761.0,772.0,755.0,758.7999877929688,758.7999877929688,1706522,-4.087048044957783,-2.02325567575707,-2.0637923692007125,False,False,763.5244510147562,blue,4640502.289769585,0
2022-04-27,760.7999877929688,760.7999877929688,745.0,752.5999755859375,752.5999755859375,1885928,-4.615256407604875,-2.541655822126631,-2.0736005854782436,False,False,761.9638116677821,red,-6248350.317798159,0
2022-04-28,761.2000122070312,762.2000122070312,741.2000122070312,745.0,745.0,1890674,-5.582765209718332,-3.1498776996449718,-2.43288751007336,False,False,759.5404100009562,red,-11662167.599910585,0
2022-04-29,744.4000244140625,765.7999877929688,742.4000244140625,752.5999755859375,752.5999755859375,5075908,-5.670897814212935,-3.6540817225585656,-2.01681609165437,False,False,758.5489193702391,blue,21830462.051006366,0
2022-05-03,749.4000244140625,754.2000122070312,726.4000244140625,737.5999755859375,737.5999755859375,2060116,-6.871903151457673,-4.297646008338387,-2.5742571431192856,False,False,755.5562131153389,red,-13324339.316331213,0
2022-05-04,740.0,741.3870239257812,719.2000122070312,721.5999755859375,721.5999755859375,2210081,-9.010902734176057,-5.240297353505921,-3.770605380670135,False,False,750.7053220397102,red,-28015643.772110403,0
2022-05-05,730.2000122070312,747.2000122070312,729.5999755859375,733.7999877929688,733.7999877929688,3093037,-9.610848413889585,-6.114407565582654,-3.4964408483069302,False,False,748.2902742901757,blue,15818178.180496076,0
2022-05-06,730.2000122070312,730.5999755859375,710.2000122070312,715.2000122070312,715.2000122070312,1707938,-11.455124718961997,-7.182550996258524,-4.2725737227034735,False,False,743.5630939925837,red,-15905677.34136459,0
