Date,Open,High,Low,Close,Adj Close,Volume,macd_diff,lowest_MACD,MACD_ratio,lowest_Low,crossunder,MACD_up,state
2021-04-27,222.14999389648438,224.6999969482422,221.38900756835938,221.4499969482422,213.2022705078125,23513488,0.0,,0.0,,False,False,"[0, 0, 0, 0]"
2021-04-28,221.5,223.25,219.60000610351562,219.6999969482422,211.5174560546875,22531098,-0.017450142450153788,,,,True,False,"[0, 0, 0, 0]"
2021-04-29,220.10000610351562,221.64999389648438,219.39999389648438,219.89999389648438,211.70999145507812,19097870,-0.012991901326744652,,,,False,True,"[0, 0, 0, 0]"
2021-04-30,219.85000610351562,221.75,219.75,221.0,212.76904296875,19543884,0.017008403602040697,,0.0,,False,True,"[0, 0, 0, 0]"
2021-05-04,223.3000030517578,224.14999389648438,221.60000610351562,222.0500030517578,213.77992248535156,22962730,0.05615578699955394,,0.0,,False,True,"[0, 0, 0, 0]"
2021-05-05,222.1999969482422,225.14999389648438,222.0,224.6999969482422,216.33123779296875,21185440,0.1503167169188398,,0.0,,False,True,"[0, 0, 0, 0]"
2021-05-06,224.8000030517578,226.64999389648438,224.8000030517578,225.89999389648438,217.48654174804688,26370021,0.22208395125004154,,0.0,,False,True,"[0, 0, 0, 0]"
2021-05-07,226.60000610351562,228.19900512695312,225.4499969482422,227.5,219.02694702148438,16186246,0.2970741186403488,,0.0,,False,True,"[0, 0, 0, 0]"
2021-05-10,227.8000030517578,230.10000610351562,226.0,230.0,221.433837890625,17059266,0.4076782260020602,,0.0,,False,True,"[0, 0, 0, 0]"
2021-05-11,229.0,229.6999969482422,223.3000030517578,223.6999969482422,215.36846923828125,23269560,0.1842788527690058,,0.0,,False,False,"[0, 0, 0, 0]"
2021-05-12,224.35000610351562,228.3000030517578,223.9709930419922,227.35000610351562,218.88255310058594,27049487,0.19336904190725457,,0.0,,False,True,"[0, 0, 0, 0]"
2021-05-13,226.5500030517578,227.6999969482422,222.28199768066406,227.39999389648438,218.93067932128906,13517281,0.18346550965527575,,0.0,,False,False,"[0, 0, 0, 0]"
2021-05-14,229.3000030517578,232.06199645996094,228.1999969482422,230.9499969482422,222.3484649658203,20740618,0.31905909376280917,,0.0,,False,True,"[0, 0, 0, 0]"
2021-05-17,231.5,233.3800048828125,230.30299377441406,232.25,223.60003662109375,14905579,0.43349092939938794,,0.0,,False,True,"[0, 0, 0, 0]"
2021-05-18,233.5,234.0,231.8000030517578,231.8000030517578,223.16680908203125,17161523,0.4478926165684447,,0.0,,False,True,"[0, 0, 0, 0]"
2021-05-19,231.1999969482422,232.9499969482422,230.18299865722656,231.8000030517578,223.16680908203125,22641842,0.42228363229192123,,0.0,,False,False,"[0, 0, 0, 0]"
2021-05-20,228.0,229.14999389648438,224.35000610351562,226.4499969482422,223.75967407226562,21423076,0.10999640762508356,,0.0,,False,False,"[0, 0, 0, 0]"
2021-05-21,226.6999969482422,227.5,224.4499969482422,225.6999969482422,223.01858520507812,19997270,-0.13373759371653404,,,,True,False,"[0, 0, 0, 0]"
2021-05-24,225.64999389648438,227.5,225.25,226.60000610351562,223.90789794921875,8752490,-0.23853226417865658,,,,False,False,"[0, 0, 0, 0]"
2021-05-25,226.0,227.1999969482422,224.38999938964844,225.35000610351562,222.67274475097656,14369195,-0.36307601088733155,,,,False,False,"[0, 0, 0, 0]"
2021-05-26,225.0,226.5469970703125,224.25,225.1999969482422,222.52452087402344,11988284,-0.4352396479319345,,,,False,False,"[0, 0, 0, 0]"
2021-05-27,224.8000030517578,225.39999389648438,223.6999969482422,224.0,221.33877563476562,21678726,-0.5266682826499817,,,,False,False,"[0, 0, 0, 0]"
2021-05-28,224.0,233.8000030517578,222.8000030517578,223.25,220.59768676757812,17350769,-0.6004323818571256,,,,False,False,"[0, 0, 0, 0]"
2021-06-01,223.89999389648438,225.5970001220703,223.25,224.9499969482422,222.27748107910156,19085710,-0.5239480824655355,,,,False,True,"[0, 0, 0, 0]"
2021-06-02,225.14999389648438,226.39700317382812,224.3000030517578,225.5,222.82095336914062,14272310,-0.419981148833114,,,,False,True,"[0, 0, 0, 0]"
2021-06-03,226.10000610351562,226.10000610351562,223.6999969482422,225.6999969482422,223.01858520507812,14466002,-0.32286387294166924,,,,False,True,"[0, 0, 0, 0]"
2021-06-04,225.60000610351562,225.85000610351562,223.89999389648438,225.0,222.326904296875,8284607,-0.2853451589294723,,,,False,True,"[0, 0, 0, 0]"
2021-06-07,225.14999389648438,226.6999969482422,224.1999969482422,225.60000610351562,222.91976928710938,57777156,-0.21233485647616532,,,,False,True,"[0, 0, 0, 0]"
2021-06-08,225.64999389648438,227.10000610351562,224.8990020751953,226.25,223.56204223632812,23578214,-0.11742493513807303,,,,False,True,"[0, 0, 0, 0]"
2021-06-09,225.39999389648438,226.85000610351562,224.9709930419922,226.5500030517578,223.85848999023438,24977412,-0.03365144805276185,,,,False,True,"[0, 0, 0, 0]"
2021-06-10,226.85000610351562,229.5500030517578,226.8000030517578,228.0,225.291259765625,27754706,0.10621070278877628,,0.0,,False,True,"[0, 0, 0, 0]"
2021-06-11,228.14999389648438,232.1999969482422,227.75,231.60000610351562,228.84849548339844,83794914,0.40062748475562115,,0.0,,False,True,"[0, 0, 0, 0]"
2021-06-14,232.4499969482422,233.35000610351562,231.39999389648438,231.75,228.9967041015625,16155525,0.5721336834747838,,0.0,,False,True,"[0, 0, 0, 0]"
2021-06-15,232.89999389648438,233.4499969482422,231.0,231.0,228.255615234375,32698400,0.6029131163902477,,0.0,,False,True,"[0, 0, 0, 0]"
2021-06-16,230.89999389648438,231.89999389648438,229.5,230.14999389648438,227.41571044921875,13991074,0.5364838542228949,,0.0,,False,False,"[0, 0, 0, 0]"
2021-06-17,229.1999969482422,231.14999389648438,228.8000030517578,231.14999389648438,228.40382385253906,19707717,0.5225759939063459,,0.0,,False,False,"[0, 0, 0, 0]"
2021-06-18,231.14999389648438,231.39999389648438,221.75,221.75,219.11550903320312,52344894,-0.0870289166411049,,,,True,False,"[0, 0, 0, 0]"
2021-06-21,226.0,228.8000030517578,223.64999389648438,225.60000610351562,222.91976928710938,27634156,-0.2356470252803926,,,,False,False,"[0, 0, 0, 0]"
2021-06-22,226.0,226.66000366210938,223.9499969482422,224.1999969482422,221.53639221191406,19459116,-0.40617703380908166,,,,False,False,"[0, 0, 0, 0]"
2021-06-23,224.14999389648438,225.25,223.0,223.0,220.3506622314453,30112003,-0.5686085313582916,-0.6004323818571256,0.9469984440206183,219.39999389648438,False,False,"[0, 0, 0, 0]"
2021-06-24,222.85000610351562,225.08399963378906,222.35000610351562,223.35000610351562,220.69650268554688,17723052,-0.6213451769950401,-0.6213451769950401,1.0,219.39999389648438,False,False,"[1, 0, 0, 0]"
2021-06-25,223.6999969482422,224.89999389648438,223.10000610351562,224.5,221.8328399658203,14577133,-0.5519458733085751,-0.6213451769950401,0.8883079707448683,219.39999389648438,False,True,"[1, 0, 0, 0]"
2021-06-28,224.0,224.75,222.94000244140625,223.9499969482422,221.28936767578125,15121927,-0.5130757056726143,-0.6213451769950401,0.8257498805317192,219.75,False,True,"[1, 0, 0, 0]"
2021-06-29,224.10000610351562,224.60000610351562,222.8000030517578,222.85000610351562,220.20245361328125,10996428,-0.5282890985846795,-0.6213451769950401,0.850234488243073,221.60000610351562,False,False,"[1, 0, 0, 0]"
2021-06-30,223.0,223.64999389648438,221.75,222.9499969482422,220.30125427246094,23621774,-0.5011799947800913,-0.6213451769950401,0.8066047880244381,221.75,False,True,"[1, 0, 0, 0]"
2021-07-01,224.25,224.9499969482422,221.6999969482422,223.10000610351562,220.44947814941406,14097206,-0.4447224163948481,-0.6213451769950401,0.7157413187716722,221.6999969482422,False,True,"[1, 0, 0, 0]"
2021-07-02,223.89999389648438,226.3000030517578,223.85000610351562,224.60000610351562,221.93165588378906,26038542,-0.2878036062711392,-0.6213451769950401,0.4631943997103507,221.6999969482422,False,True,"[1, 0, 0, 0]"
2021-07-05,225.14999389648438,231.6999969482422,225.10000610351562,231.5,228.7496795654297,24896313,0.2613159019878736,-0.6213451769950401,0.0,221.6999969482422,False,True,"[1, 0, 0, 0]"
2021-07-06,232.0,236.4499969482422,231.0,234.25,231.4669952392578,26667482,0.7682962020945667,-0.6213451769950401,0.0,221.6999969482422,False,True,"[1, 0, 0, 0]"
2021-07-07,233.89999389648438,238.89999389648438,232.9499969482422,237.4499969482422,234.6289825439453,20623951,1.2489378677324927,-0.6213451769950401,0.0,221.6999969482422,False,True,"[1, 0, 0, 0]"
2021-07-08,239.85000610351562,240.85000610351562,233.8000030517578,234.25,231.4669952392578,23688115,1.284351475332861,-0.6213451769950401,0.0,221.6999969482422,False,True,"[1, 0, 0, 0]"
2021-07-09,235.4499969482422,238.10000610351562,235.00399780273438,237.6999969482422,234.87600708007812,20044104,1.452914151980223,-0.6213451769950401,0.0,221.6999969482422,False,True,"[1, 0, 0, 0]"
2021-07-12,237.4499969482422,238.36000061035156,223.85000610351562,236.0,233.1962127685547,16890871,1.3695327478122197,-0.6213451769950401,0.0,221.6999969482422,False,False,"[1, 0, 0, 0]"
2021-07-13,236.39999389648438,238.447998046875,236.2259979248047,236.9499969482422,234.13491821289062,20343879,1.2960609545686261,-0.6213451769950401,0.0,221.6999969482422,False,False,"[1, 0, 0, 0]"
2021-07-14,236.75,237.35000610351562,234.25,235.64999389648438,232.85035705566406,13411753,1.0881115178113263,-0.6213451769950401,0.0,221.6999969482422,False,False,"[1, 0, 0, 0]"
2021-07-15,235.3000030517578,236.35000610351562,232.75,232.9499969482422,230.1824493408203,22242734,0.7160106493538716,-0.6213451769950401,0.0,221.6999969482422,False,False,"[1, 0, 0, 0]"
2021-07-16,233.9499969482422,234.89999389648438,233.1999969482422,234.89999389648438,232.10926818847656,15135879,0.5520954190545873,-0.6213451769950401,0.0,221.6999969482422,False,False,"[1, 0, 0, 0]"
2021-07-19,233.60000610351562,235.5500030517578,230.64999389648438,231.1999969482422,228.45323181152344,40024765,0.16938231561464212,-0.6213451769950401,0.0,221.6999969482422,False,False,"[1, 0, 0, 0]"
2021-07-20,231.64999389648438,233.4499969482422,229.42100524902344,229.64999389648438,226.92164611816406,26657755,-0.1950958328225343,-0.6213451769950401,0.3139894539232766,221.6999969482422,True,False,"[0, 1, 0, 0]"
2021-07-21,229.64999389648438,232.07200622558594,229.25,231.3000030517578,228.5520477294922,14312681,-0.32631148748876937,-0.6213451769950401,0.5251694220382983,221.6999969482422,False,False,"[0, 1, 0, 0]"
2021-07-22,232.0500030517578,233.4499969482422,231.14999389648438,231.8000030517578,229.04611206054688,11126909,-0.376409936951573,-0.6213451769950401,0.6057984368237523,221.6999969482422,False,False,"[0, 1, 0, 0]"
2021-07-23,232.5,235.51100158691406,232.25,234.3000030517578,231.51641845703125,17053387,-0.24553348688022658,-0.6213451769950401,0.3951643884445675,221.6999969482422,False,True,"[0, 1, 0, 0]"
2021-07-26,233.14999389648438,234.1999969482422,232.14999389648438,232.39999389648438,229.63897705078125,8216790,-0.2862002680568536,-0.6213451769950401,0.460613968939101,221.6999969482422,False,False,"[0, 1, 0, 0]"
2021-07-27,232.25,234.4499969482422,231.9499969482422,234.39999389648438,231.61521911621094,11082952,-0.18444458625140325,-0.6213451769950401,0.2968472164593234,221.6999969482422,False,True,"[0, 1, 0, 0]"
2021-07-28,233.4499969482422,235.25,233.14999389648438,233.14999389648438,230.38006591796875,26063823,-0.20439233041070382,-0.6213451769950401,0.3289513429543131,221.6999969482422,False,False,"[0, 1, 0, 0]"
2021-07-30,230.60000610351562,233.85000610351562,230.47999572753906,233.0,230.2318572998047,18330077,-0.22934490465044677,-0.6213451769950401,0.36911029994568945,221.6999969482422,False,False,"[0, 1, 0, 0]"
2021-08-02,234.0,234.35000610351562,231.75,233.60000610351562,230.82473754882812,10984155,-0.20799912013693422,-0.6213451769950401,0.33475615139215054,221.6999969482422,False,True,"[0, 1, 0, 0]"
2021-08-03,233.3000030517578,235.6999969482422,232.3000030517578,235.39999389648438,232.60333251953125,11209068,-0.0820654067157931,-0.6213451769950401,0.13207699963598202,221.6999969482422,False,True,"[0, 1, 0, 0]"
2021-08-04,236.14999389648438,236.5,233.35000610351562,233.35000610351562,230.57769775390625,13208022,-0.1415242880326888,-0.6213451769950401,0.2277707999877474,221.6999969482422,False,False,"[0, 1, 0, 0]"
2021-08-05,233.14999389648438,234.35000610351562,231.4499969482422,231.85000610351562,229.09552001953125,10405987,-0.27883017654994946,-0.6213451769950401,0.44875245978158645,221.6999969482422,False,False,"[0, 1, 0, 0]"
2021-08-06,232.14999389648438,233.60000610351562,231.5,233.14999389648438,230.38006591796875,9738771,-0.27913536704705244,-0.6213451769950401,0.449243636841299,221.6999969482422,False,False,"[0, 1, 0, 0]"
2021-08-09,232.39999389648438,234.39999389648438,232.25,233.64999389648438,230.87413024902344,17219563,-0.2437659943526207,-0.6213451769950401,0.3923197658530575,221.6999969482422,False,True,"[0, 1, 0, 0]"
2021-08-10,234.0500030517578,235.21200561523438,233.3730010986328,234.5,231.7140350341797,10508875,-0.16506614993854485,-0.6213451769950401,0.2656593404922535,221.6999969482422,False,True,"[0, 1, 0, 0]"
2021-08-11,235.89999389648438,239.25,235.3000030517578,238.89999389648438,236.06175231933594,11808674,0.16289912307412902,-0.6213451769950401,0.0,221.6999969482422,False,True,"[0, 1, 0, 0]"
2021-08-12,238.60000610351562,241.89999389648438,238.47999572753906,241.1999969482422,238.3344268798828,14025742,0.495962401134751,-0.6213451769950401,0.0,221.6999969482422,False,True,"[0, 1, 0, 0]"
2021-08-13,241.5500030517578,242.9499969482422,240.9499969482422,242.9499969482422,240.0636444091797,10918907,0.7786537668899944,-0.6213451769950401,0.0,221.6999969482422,False,True,"[0, 1, 0, 0]"
2021-08-16,242.60000610351562,244.23300170898438,240.60000610351562,242.10000610351562,239.2237548828125,6994404,0.8476865966181228,-0.6213451769950401,0.0,221.6999969482422,False,True,"[0, 1, 0, 0]"
2021-08-17,239.6999969482422,246.1999969482422,239.0,245.25,242.33631896972656,19749456,1.0319291888999444,-0.6213451769950401,0.0,221.6999969482422,False,True,"[0, 1, 0, 0]"
2021-08-18,246.0,247.1999969482422,243.75,245.3000030517578,242.38572692871094,10728813,1.078990222613701,-0.6213451769950401,0.0,221.6999969482422,False,True,"[0, 1, 0, 0]"
2021-08-19,243.85000610351562,244.9499969482422,241.3300018310547,244.0,241.10116577148438,14168274,0.9491605249342152,-0.6213451769950401,0.0,221.6999969482422,False,False,"[0, 1, 0, 0]"
2021-08-20,244.64999389648438,247.39999389648438,244.1999969482422,246.5,243.57147216796875,15199293,0.9551588298467313,-0.5519458733085751,0.0,221.6999969482422,False,True,"[0, 1, 0, 0]"
2021-08-23,248.0,252.8000030517578,203.3300018310547,251.5,248.51206970214844,15758622,1.2030947649949448,-0.5282890985846795,0.0,203.3300018310547,False,True,"[0, 0, 0, 1]"
2021-08-24,251.89999389648438,252.85000610351562,248.4499969482422,251.0500030517578,248.06741333007812,19723272,1.2397062866933783,-0.5282890985846795,0.0,203.3300018310547,False,True,"[1, 0, 0, 0]"
2021-08-25,250.1999969482422,251.6999969482422,249.8000030517578,251.5500030517578,248.5614776611328,8641920,1.1996574308710994,-0.5011799947800913,0.0,203.3300018310547,False,False,"[1, 0, 0, 0]"
2021-08-26,251.6999969482422,253.5,251.14999389648438,253.0,249.99424743652344,11438243,1.171474749696495,-0.4447224163948481,0.0,203.3300018310547,False,False,"[1, 0, 0, 0]"
2021-08-27,254.1999969482422,258.2550048828125,254.0,254.85000610351562,251.822265625,14549367,1.1750424591805473,-0.376409936951573,0.0,203.3300018310547,False,True,"[1, 0, 0, 0]"
2021-08-31,257.95001220703125,257.95001220703125,253.85000610351562,255.14999389648438,252.1186981201172,23098046,1.096851495499073,-0.376409936951573,0.0,203.3300018310547,False,False,"[1, 0, 0, 0]"
2021-09-01,256.20001220703125,258.5639953613281,254.8000030517578,256.0,252.95860290527344,15871532,1.0040813734585203,-0.376409936951573,0.0,203.3300018310547,False,False,"[1, 0, 0, 0]"
2021-09-02,255.5,256.6499938964844,254.10000610351562,256.6000061035156,253.55148315429688,13215537,0.8888143876092514,-0.376409936951573,0.0,203.3300018310547,False,False,"[1, 0, 0, 0]"
2021-09-03,257.1000061035156,257.1000061035156,254.98800659179688,255.6999969482422,252.66217041015625,8532606,0.6678270430211999,-0.376409936951573,0.0,203.3300018310547,False,False,"[1, 0, 0, 0]"
2021-09-06,256.1000061035156,259.3970031738281,255.75,257.3999938964844,254.3419647216797,11505289,0.556422828618226,-0.376409936951573,0.0,203.3300018310547,False,False,"[1, 0, 0, 0]"
2021-09-07,257.54998779296875,259.6000061035156,257.0409851074219,258.3999938964844,255.330078125,10007465,0.47364446623816825,-0.376409936951573,0.0,203.3300018310547,False,False,"[1, 0, 0, 0]"
2021-09-08,258.04998779296875,258.25,255.85000610351562,257.0,253.94671630859375,10320904,0.25902103144323085,-0.376409936951573,0.0,203.3300018310547,False,False,"[1, 0, 0, 0]"
2021-09-09,256.0,256.4549865722656,253.89999389648438,254.64999389648438,251.6246337890625,21853201,-0.08816987076472671,-0.376409936951573,0.23423895627938804,203.3300018310547,True,False,"[0, 1, 0, 0]"
2021-09-10,255.8000030517578,256.25,248.8000030517578,254.39999389648438,251.3776092529297,10426523,-0.3661215145853225,-0.376409936951573,0.9726669746033454,203.3300018310547,False,False,"[0, 1, 0, 0]"
2021-09-13,255.1999969482422,257.5,254.35000610351562,256.20001220703125,253.15623474121094,8114198,-0.4545181542997705,-0.4545181542997705,1.0,203.3300018310547,False,False,"[1, 0, 0, 0]"
2021-09-14,255.9499969482422,257.5,254.75,255.8000030517578,252.760986328125,13529338,-0.5587569902471161,-0.5587569902471161,1.0,203.3300018310547,False,False,"[1, 0, 0, 0]"
2021-09-15,255.6999969482422,256.2120056152344,254.5,254.6999969482422,251.67404174804688,28415386,-0.7108381349829358,-0.7108381349829358,1.0,203.3300018310547,False,False,"[1, 0, 0, 0]"
2021-09-16,255.6999969482422,257.6499938964844,255.6999969482422,257.1499938964844,254.09494018554688,16616406,-0.6568656774767305,-0.7108381349829358,0.9240720849796544,203.3300018310547,False,True,"[1, 0, 0, 0]"
2021-09-17,258.3999938964844,259.75,255.5,255.9499969482422,252.90919494628906,27477915,-0.7079060380344222,-0.7108381349829358,0.9958751552509434,203.3300018310547,False,False,"[1, 0, 0, 0]"
2021-09-20,254.85000610351562,255.75100708007812,252.0500030517578,254.4499969482422,251.42701721191406,13732928,-0.839617054871054,-0.839617054871054,1.0,203.3300018310547,False,False,"[1, 0, 0, 0]"
2021-09-21,255.5500030517578,257.8500061035156,254.75,257.20001220703125,254.1443634033203,18373464,-0.7419469835351924,-0.839617054871054,0.8836730736122773,203.3300018310547,False,True,"[1, 0, 0, 0]"
2021-09-22,258.75,261.6499938964844,258.04998779296875,261.6499938964844,258.5414733886719,15194454,-0.3954786264057528,-0.839617054871054,0.47102262169566017,203.3300018310547,False,True,"[1, 0, 0, 0]"
2021-09-23,263.5,264.52099609375,259.5,259.54998779296875,256.4664001464844,13317828,-0.3281984024082951,-0.839617054871054,0.39089058577865465,203.3300018310547,False,True,"[1, 0, 0, 0]"
2021-09-24,260.1000061035156,260.5,257.5,257.5,254.44078063964844,9898053,-0.4354979550689011,-0.839617054871054,0.5186864089317286,203.3300018310547,False,False,"[1, 0, 0, 0]"
2021-09-27,258.8999938964844,259.95001220703125,257.1000061035156,257.8999938964844,254.83602905273438,16073551,-0.4892949608784507,-0.839617054871054,0.5827596736390678,203.3300018310547,False,False,"[1, 0, 0, 0]"
2021-09-28,256.8999938964844,259.0,254.39999389648438,256.3500061035156,253.304443359375,14567503,-0.6300343465719829,-0.839617054871054,0.7503829786648888,203.3300018310547,False,False,"[1, 0, 0, 0]"
2021-09-29,256.95001220703125,258.8999938964844,256.1000061035156,256.5,253.45266723632812,24372639,-0.7079910654866981,-0.839617054871054,0.8432309245974396,203.3300018310547,False,False,"[1, 0, 0, 0]"
2021-09-30,258.0,258.70001220703125,252.8000030517578,253.3000030517578,250.29067993164062,25267698,-0.9546397907776201,-0.9546397907776201,1.0,203.3300018310547,False,False,"[1, 0, 0, 0]"
2021-10-01,251.1999969482422,251.60000610351562,246.60000610351562,247.9499969482422,245.00424194335938,24140903,-1.4291002341530166,-1.4291002341530166,1.0,203.3300018310547,False,False,"[1, 0, 0, 0]"
2021-10-04,248.6999969482422,254.10000610351562,247.5,251.64999389648438,248.6602783203125,16135198,-1.4407781790140342,-1.4407781790140342,1.0,203.3300018310547,False,False,"[1, 0, 0, 0]"
2021-10-05,252.25,254.0,251.6999969482422,253.0,249.99424743652344,30620552,-1.3084402359749947,-1.4407781790140342,0.9081482875250081,203.3300018310547,False,True,"[1, 0, 0, 0]"
2021-10-06,260.0,272.5899963378906,259.8999938964844,268.04998779296875,264.86541748046875,36276698,-0.21562511785857197,-1.4407781790140342,0.1496587892566019,203.3300018310547,False,True,"[1, 0, 0, 0]"
2021-10-07,271.79998779296875,274.8999938964844,268.6499938964844,273.1499938964844,269.90484619140625,22050043,0.78751881190315,-1.4407781790140342,0.0,203.3300018310547,False,True,"[1, 0, 0, 0]"
2021-10-08,273.04998779296875,276.95001220703125,272.1499938964844,275.6000061035156,272.32574462890625,42375008,1.5109864596036289,-1.4407781790140342,0.0,203.3300018310547,False,True,"[1, 0, 0, 0]"
2021-10-11,275.25,276.0,268.20001220703125,270.3500061035156,267.13812255859375,20067218,1.52645455976828,-1.4407781790140342,0.0,203.3300018310547,False,True,"[1, 0, 0, 0]"
2021-10-12,268.04998779296875,270.1000061035156,266.7799987792969,270.1000061035156,266.8910827636719,13647122,1.4129218797016656,-1.4407781790140342,0.0,203.3300018310547,False,False,"[1, 0, 0, 0]"
2021-10-13,270.0,270.7650146484375,267.49798583984375,269.3500061035156,266.1499938964844,16425152,1.1893598322725971,-1.4407781790140342,0.0,203.3300018310547,False,False,"[1, 0, 0, 0]"
2021-10-14,268.0,268.16900634765625,264.70001220703125,266.0,266.0,12996859,0.7399319422740516,-1.4407781790140342,0.0,203.3300018310547,False,False,"[1, 0, 0, 0]"
2021-10-15,267.0,269.6000061035156,265.8999938964844,267.8999938964844,267.8999938964844,13415831,0.5058201991154272,-1.4407781790140342,0.0,203.3300018310547,False,False,"[1, 0, 0, 0]"
2021-10-18,268.0,271.3500061035156,267.3500061035156,269.5,269.5,14269641,0.39864193908292833,-1.4407781790140342,0.0,203.3300018310547,False,False,"[1, 0, 0, 0]"
2021-10-19,270.3500061035156,274.5,269.8999938964844,274.25,274.25,16105666,0.576743252329373,-1.4407781790140342,0.0,246.60000610351562,False,True,"[1, 0, 0, 0]"
2021-10-20,274.6499938964844,276.364013671875,272.1499938964844,272.1499938964844,272.1499938964844,13165659,0.48588299203018703,-1.4407781790140342,0.0,246.60000610351562,False,False,"[1, 0, 0, 0]"
2021-10-21,272.3999938964844,273.2070007324219,269.52398681640625,270.70001220703125,270.70001220703125,19822601,0.2715782191278828,-1.4407781790140342,0.0,246.60000610351562,False,False,"[1, 0, 0, 0]"
2021-10-22,270.1499938964844,272.0,269.3999938964844,270.75,270.75,9969625,0.08623437627477593,-1.4407781790140342,0.0,246.60000610351562,False,False,"[1, 0, 0, 0]"
2021-10-25,271.6000061035156,274.29998779296875,271.04998779296875,273.70001220703125,273.70001220703125,11723177,0.11362445119114639,-1.4407781790140342,0.0,246.60000610351562,False,True,"[1, 0, 0, 0]"
2021-10-26,273.70001220703125,274.95001220703125,273.04998779296875,273.8999938964844,273.8999938964844,13180146,0.09716668904043413,-1.4407781790140342,0.0,246.60000610351562,False,False,"[1, 0, 0, 0]"
2021-10-27,274.3999938964844,282.95001220703125,270.77899169921875,271.54998779296875,271.54998779296875,13101935,-0.10885897142413903,-1.4407781790140342,0.07555567748717179,246.60000610351562,True,False,"[0, 1, 0, 0]"
2021-10-28,272.6499938964844,273.7909851074219,269.6000061035156,269.6000061035156,269.6000061035156,14850562,-0.3971267477021012,-1.4407781790140342,0.27563351075587944,246.60000610351562,False,False,"[0, 1, 0, 0]"
2021-10-29,268.79998779296875,271.25,268.1000061035156,269.8999938964844,269.8999938964844,17637504,-0.5773442365020145,-1.4407781790140342,0.4007169492927133,246.60000610351562,False,False,"[0, 1, 0, 0]"
2021-11-01,270.8999938964844,272.3500061035156,268.3500061035156,271.95001220703125,271.95001220703125,19948639,-0.5673961278636455,-1.4407781790140342,0.39381227181822737,246.60000610351562,False,True,"[0, 1, 0, 0]"
2021-11-02,272.45001220703125,273.0830078125,271.20001220703125,272.0,272.0,28505501,-0.56511654259366,-1.4407781790140342,0.3922300815108023,246.60000610351562,False,True,"[0, 1, 0, 0]"
2021-11-03,272.0,274.04998779296875,270.8999938964844,273.54998779296875,273.54998779296875,9497167,-0.47075158783447835,-1.4407781790140342,0.3267342570086862,246.60000610351562,False,True,"[0, 1, 0, 0]"
2021-11-04,273.70001220703125,277.29998779296875,273.6499938964844,275.6000061035156,275.6000061035156,12111854,-0.2906331153740762,-1.4407781790140342,0.2017195426800292,246.60000610351562,False,True,"[0, 1, 0, 0]"
2021-11-05,275.79998779296875,279.29998779296875,275.3500061035156,275.3500061035156,275.3500061035156,10284665,-0.21232302567645434,-1.4407781790140342,0.14736690822299453,246.60000610351562,False,True,"[0, 1, 0, 0]"
2021-11-08,274.70001220703125,278.8500061035156,274.31298828125,274.8500061035156,274.8500061035156,16702245,-0.21739967364416835,-1.4407781790140342,0.15089045406902343,246.60000610351562,False,False,"[0, 1, 0, 0]"
2021-11-09,274.6499938964844,279.70001220703125,274.1000061035156,278.5,278.5,73070662,-0.00914348952244426,-1.4407781790140342,0.006346215993291495,246.60000610351562,False,True,"[0, 1, 0, 0]"
2021-11-10,278.6499938964844,287.3999938964844,278.6029968261719,284.95001220703125,284.95001220703125,28808357,0.5006162391688975,-1.4407781790140342,0.0,246.60000610351562,False,True,"[0, 1, 0, 0]"
2021-11-11,284.95001220703125,284.95001220703125,281.3999938964844,283.70001220703125,283.70001220703125,11864636,0.6801032267682321,-1.4407781790140342,0.0,246.60000610351562,False,True,"[0, 1, 0, 0]"
2021-11-12,284.04998779296875,285.4259948730469,283.3999938964844,285.0,285.0,14818227,0.8043535920986082,-1.4407781790140342,0.0,246.60000610351562,False,True,"[0, 1, 0, 0]"
2021-11-15,284.0,286.25,283.04998779296875,285.8999938964844,285.8999938964844,12569645,0.8601099301279156,-1.4407781790140342,0.0,246.60000610351562,False,True,"[0, 1, 0, 0]"
2021-11-16,285.29998779296875,286.1000061035156,280.29998779296875,280.6499938964844,280.6499938964844,31975612,0.4755807207471161,-1.4407781790140342,0.0,246.60000610351562,False,False,"[0, 1, 0, 0]"
2021-11-17,278.79998779296875,280.3500061035156,276.6709899902344,277.8500061035156,277.8500061035156,15903590,-0.009485911951435888,-1.4407781790140342,0.006583880912138307,246.60000610351562,True,False,"[0, 1, 0, 0]"
2021-11-18,278.29998779296875,280.1000061035156,276.8999938964844,279.3500061035156,279.3500061035156,16425756,-0.25770674507573776,-1.4407781790140342,0.17886635765964604,246.60000610351562,False,False,"[0, 1, 0, 0]"
2021-11-19,279.45001220703125,280.54998779296875,277.3500061035156,278.8500061035156,278.8500061035156,16817659,-0.47151125593178467,-1.4407781790140342,0.3272615193648014,246.60000610351562,False,False,"[0, 1, 0, 0]"
2021-11-22,279.54998779296875,281.5,278.1000061035156,280.8999938964844,280.8999938964844,11536745,-0.488729376229057,-1.4407781790140342,0.3392120892360464,246.60000610351562,False,False,"[0, 1, 0, 0]"
2021-11-23,279.8500061035156,283.6000061035156,278.81298828125,279.79998779296875,279.79998779296875,18907665,-0.5817373065269265,-1.4407781790140342,0.4037660446280676,246.60000610351562,False,False,"[0, 1, 0, 0]"
2021-11-24,279.5,281.6000061035156,278.75,280.5,280.5,14512037,-0.6011755807168422,-1.4407781790140342,0.41725755530823205,246.60000610351562,False,False,"[0, 1, 0, 0]"
2021-11-25,280.5,282.19000244140625,279.95001220703125,280.3500061035156,280.3500061035156,7857840,-0.6263574748626302,-1.4407781790140342,0.4347355366606569,246.60000610351562,False,False,"[0, 1, 0, 0]"
2021-11-26,277.75,280.49700927734375,277.1499938964844,279.1499938964844,279.1499938964844,30012027,-0.7194008003927586,-1.4407781790140342,0.4993140587991589,247.5,False,False,"[0, 1, 0, 0]"
2021-11-29,280.3500061035156,281.70001220703125,279.0,279.0,279.0,18946005,-0.78145209392529,-1.3084402359749947,0.5972394248048973,251.6999969482422,False,False,"[0, 1, 0, 0]"
2021-11-30,279.6000061035156,280.54998779296875,274.6499938964844,276.75,276.75,45278292,-0.9530607156588369,-0.9530607156588369,1.0,259.8999938964844,False,False,"[1, 0, 0, 0]"
2021-12-01,277.95001220703125,281.95001220703125,276.54998779296875,278.1499938964844,278.1499938964844,19883670,-0.9492371712475918,-0.9530607156588369,0.9959881418377402,264.70001220703125,False,True,"[1, 0, 0, 0]"
2021-12-02,276.1000061035156,277.8999938964844,275.8999938964844,277.8500061035156,277.8500061035156,14079248,-0.9419811791005852,-0.9530607156588369,0.988374784128425,264.70001220703125,False,True,"[1, 0, 0, 0]"
2021-12-03,278.8999938964844,280.25,277.9960021972656,280.1000061035156,280.1000061035156,11429168,-0.768073940896731,-0.9530607156588369,0.8059024239245584,264.70001220703125,False,True,"[1, 0, 0, 0]"
2021-12-06,281.0,281.6000061035156,278.75,280.6499938964844,280.6499938964844,9229342,-0.6055689755188753,-0.9530607156588369,0.6353939109747635,264.70001220703125,False,True,"[1, 0, 0, 0]"
2021-12-07,282.0,284.6000061035156,280.8609924316406,284.29998779296875,284.29998779296875,18157765,-0.25951517570676774,-0.9530607156588369,0.2722965824138168,264.70001220703125,False,True,"[1, 0, 0, 0]"
2021-12-08,283.95001220703125,286.5,282.3999938964844,282.75,282.75,24507100,-0.14781473768629283,-0.9530607156588369,0.15509477545101696,264.70001220703125,False,True,"[1, 0, 0, 0]"
2021-12-09,283.79998779296875,284.9960021972656,282.6000061035156,283.0,283.0,22018185,-0.07365059652269412,-0.9530607156588369,0.07727796908697526,265.8999938964844,False,True,"[1, 0, 0, 0]"
2021-12-10,282.70001220703125,285.25,282.5,284.3999938964844,284.3999938964844,8795690,0.04665620349067234,-0.9530607156588369,0.0,267.3500061035156,False,True,"[1, 0, 0, 0]"
2021-12-13,284.1499938964844,286.25,283.29998779296875,285.3500061035156,285.3500061035156,15169006,0.1607546641359039,-0.9530607156588369,0.0,268.1000061035156,False,True,"[1, 0, 0, 0]"
2021-12-14,286.0,287.29998779296875,283.97198486328125,284.75,284.75,18688348,0.16569605889050898,-0.9530607156588369,0.0,268.1000061035156,False,True,"[1, 0, 0, 0]"
2021-12-15,285.70001220703125,286.79998779296875,282.20001220703125,282.20001220703125,282.20001220703125,35826679,-0.02285964171567967,-0.9530607156588369,0.02398550411332098,268.1000061035156,True,False,"[0, 1, 0, 0]"
2021-12-16,284.0,284.20001220703125,281.29998779296875,282.3999938964844,282.3999938964844,23098284,-0.14726301172445044,-0.9530607156588369,0.15451587638112824,268.1000061035156,False,False,"[0, 1, 0, 0]"
2021-12-17,281.3999938964844,286.3500061035156,281.20001220703125,284.3999938964844,284.3999938964844,24768645,-0.10972723066299972,-0.9530607156588369,0.11513141698128529,268.1000061035156,False,True,"[0, 1, 0, 0]"
2021-12-20,282.20001220703125,287.70001220703125,281.29998779296875,287.6000061035156,287.6000061035156,13973344,0.10417307377319762,-0.9530607156588369,0.0,268.1000061035156,False,True,"[0, 1, 0, 0]"
2021-12-21,288.25,289.6499938964844,287.0,288.5,288.5,22344767,0.2703834024268308,-0.9530607156588369,0.0,268.1000061035156,False,True,"[0, 1, 0, 0]"
2021-12-22,288.0,288.29400634765625,285.29998779296875,287.54998779296875,287.54998779296875,22026120,0.27931050860493123,-0.9530607156588369,0.0,268.1000061035156,False,True,"[0, 1, 0, 0]"
2021-12-23,287.54998779296875,288.54998779296875,286.3999938964844,288.3500061035156,288.3500061035156,5287992,0.3002335787715946,-0.9530607156588369,0.0,268.1000061035156,False,True,"[0, 1, 0, 0]"
2021-12-24,286.79998779296875,288.25,286.5060119628906,287.8999938964844,287.8999938964844,2246590,0.2471205065405555,-0.9530607156588369,0.0,268.3500061035156,False,False,"[0, 1, 0, 0]"
2021-12-29,288.79998779296875,292.3500061035156,287.95001220703125,291.04998779296875,291.04998779296875,9098820,0.37956761827885055,-0.9530607156588369,0.0,270.8999938964844,False,True,"[0, 1, 0, 0]"
2021-12-30,290.75,293.1499938964844,290.45001220703125,291.25,291.25,5589404,0.4322514461797895,-0.9530607156588369,0.0,270.8999938964844,False,True,"[0, 1, 0, 0]"
2021-12-31,290.79998779296875,290.95001220703125,288.79998779296875,289.8999938964844,289.8999938964844,4579428,0.33227583821779794,-0.9530607156588369,0.0,273.6499938964844,False,False,"[0, 1, 0, 0]"
2022-01-04,292.54998779296875,294.1499938964844,291.04998779296875,293.95001220703125,293.95001220703125,15645024,0.4857162626099476,-0.9530607156588369,0.0,274.1000061035156,False,True,"[0, 1, 0, 0]"
2022-01-05,293.1499938964844,297.3999938964844,292.3999938964844,296.70001220703125,296.70001220703125,15115370,0.7058783018870876,-0.9530607156588369,0.0,274.1000061035156,False,True,"[0, 1, 0, 0]"
2022-01-06,293.3999938964844,297.3039855957031,291.95001220703125,292.29998779296875,292.29998779296875,18098387,0.49841277618407176,-0.9530607156588369,0.0,274.1000061035156,False,False,"[0, 1, 0, 0]"
2022-01-07,292.0,292.093994140625,288.8999938964844,289.04998779296875,289.04998779296875,17895696,0.1060500482036355,-0.9530607156588369,0.0,274.6499938964844,False,False,"[0, 1, 0, 0]"
2022-01-10,288.8999938964844,293.70001220703125,288.1499938964844,292.45001220703125,292.45001220703125,12200469,0.04251249468937335,-0.9530607156588369,0.0,274.6499938964844,False,False,"[0, 1, 0, 0]"
2022-01-11,294.0,295.70001220703125,292.29998779296875,292.29998779296875,292.29998779296875,31665127,-0.038245550185151966,-0.9530607156588369,0.04012918543045117,274.6499938964844,True,False,"[0, 1, 0, 0]"
2022-01-12,293.5,295.90301513671875,289.25,292.25,292.25,23408905,-0.11909232815761461,-0.9530607156588369,0.12495775578714084,274.6499938964844,False,False,"[0, 1, 0, 0]"
2022-01-13,285.0,289.70001220703125,283.3999938964844,289.70001220703125,289.70001220703125,25955230,-0.35502919220895857,-0.9530607156588369,0.3725147688660445,274.6499938964844,False,False,"[0, 1, 0, 0]"
2022-01-14,290.8500061035156,290.8500061035156,284.04998779296875,285.0,285.0,20472873,-0.8122055720862016,-0.9530607156588369,0.8522075862970974,274.6499938964844,False,False,"[0, 1, 0, 0]"
2022-01-17,286.79998779296875,290.8999938964844,286.25,289.45001220703125,289.45001220703125,15723634,-0.7983007192250988,-0.9530607156588369,0.8376179041995716,274.6499938964844,False,True,"[0, 1, 0, 0]"
2022-01-18,288.5,291.1000061035156,287.5,289.54998779296875,289.54998779296875,28944074,-0.7656496823185552,-0.9530607156588369,0.8033587679555891,274.6499938964844,False,True,"[0, 1, 0, 0]"
2022-01-19,289.5,291.25,286.45001220703125,287.8500061035156,287.8500061035156,16181221,-0.8360844492149697,-0.9530607156588369,0.8772625242841919,274.6499938964844,False,False,"[0, 1, 0, 0]"
2022-01-20,289.0,289.1000061035156,286.4750061035156,287.29998779296875,287.29998779296875,15573050,-0.8921455574720234,-0.9530607156588369,0.9360847035388468,274.6499938964844,False,False,"[0, 1, 0, 0]"
2022-01-21,285.8999938964844,288.75,285.1499938964844,288.75,288.75,16457165,-0.8065881315117196,-0.9530607156588369,0.8463134806203161,274.6499938964844,False,True,"[0, 1, 0, 0]"
2022-01-24,287.75,291.4620056152344,287.0,288.20001220703125,288.20001220703125,36356190,-0.7625488990132931,-0.9530607156588369,0.8001052676755797,274.6499938964844,False,True,"[0, 1, 0, 0]"
2022-01-25,289.6000061035156,292.7340087890625,286.54998779296875,291.45001220703125,291.45001220703125,19025329,-0.5025968380340349,-0.9530607156588369,0.5273502829109865,274.6499938964844,False,True,"[0, 1, 0, 0]"
2022-01-26,291.3500061035156,295.79998779296875,290.3999938964844,295.79998779296875,295.79998779296875,19857084,-0.0495985469051885,-0.9530607156588369,0.05204132967635934,274.6499938964844,False,True,"[0, 1, 0, 0]"
2022-01-27,295.04998779296875,302.25,294.25,300.0,300.0,17713754,0.4911932060689297,-0.9530607156588369,0.0,274.6499938964844,False,True,"[0, 1, 0, 0]"
2022-01-28,300.20001220703125,304.1000061035156,299.04998779296875,303.3999938964844,303.3999938964844,35493364,1.006488199429885,-0.9492371712475918,0.0,275.8999938964844,False,True,"[0, 1, 0, 0]"
2022-01-31,303.6499938964844,303.9519958496094,295.3999938964844,297.0,297.0,26135428,0.8510835971600414,-0.9419811791005852,0.0,275.8999938964844,False,False,"[0, 1, 0, 0]"
2022-02-01,297.8500061035156,301.29998779296875,297.6499938964844,300.0,300.0,18023132,0.8813897160787403,-0.8921455574720234,0.0,277.9960021972656,False,True,"[0, 1, 0, 0]"
2022-02-02,302.5,302.54998779296875,298.20098876953125,302.0,302.0,16935023,0.9606805129953586,-0.8921455574720234,0.0,278.75,False,True,"[0, 1, 0, 0]"
2022-02-03,301.04998779296875,301.3999938964844,296.95001220703125,297.04998779296875,297.04998779296875,28755256,0.6207943930531812,-0.8921455574720234,0.0,280.8609924316406,False,False,"[0, 1, 0, 0]"
2022-02-04,297.6000061035156,299.20001220703125,294.8800048828125,295.54998779296875,295.54998779296875,16693242,0.2547504395551581,-0.8921455574720234,0.0,281.20001220703125,False,False,"[0, 1, 0, 0]"
2022-02-07,295.70001220703125,297.3160095214844,290.32000732421875,291.3999938964844,291.3999938964844,21619089,-0.2781971192235648,-0.8921455574720234,0.31182929387874997,281.20001220703125,True,False,"[0, 1, 0, 0]"
2022-02-08,292.0,294.3500061035156,291.04998779296875,291.6499938964844,291.6499938964844,18261077,-0.6063872957103529,-0.8921455574720234,0.6796954719234461,281.20001220703125,False,False,"[0, 1, 0, 0]"
2022-02-09,293.3500061035156,295.45001220703125,292.9150085449219,293.70001220703125,293.70001220703125,17872207,-0.6727802195862673,-0.8921455574720234,0.7541148571009556,281.20001220703125,False,False,"[0, 1, 0, 0]"
2022-02-10,294.54998779296875,297.45001220703125,293.8599853515625,297.0,297.0,16026114,-0.49029974880393956,-0.8921455574720234,0.5495737155193028,281.20001220703125,False,True,"[0, 1, 0, 0]"
2022-02-11,296.04998779296875,298.1499938964844,295.1650085449219,298.1499938964844,298.1499938964844,23077069,-0.29748625399017037,-0.8921455574720234,0.3334503562772033,281.20001220703125,False,True,"[0, 1, 0, 0]"
2022-02-14,296.75,298.04998779296875,293.76300048828125,295.3999938964844,295.3999938964844,13115184,-0.3565142511867849,-0.8921455574720234,0.3996144443032378,281.20001220703125,False,False,"[0, 1, 0, 0]"
2022-02-15,296.75,299.75,295.95001220703125,299.20001220703125,299.20001220703125,10094582,-0.15147789736536543,-0.8921455574720234,0.16979056399114065,281.20001220703125,False,True,"[0, 1, 0, 0]"
2022-02-16,300.0,300.29998779296875,291.9219970703125,294.75,294.75,17253400,-0.3178318229235839,-0.8921455574720234,0.35625556868117986,281.29998779296875,False,False,"[0, 1, 0, 0]"
2022-02-17,294.1000061035156,296.3999938964844,290.8500061035156,293.70001220703125,293.70001220703125,12173470,-0.4905394433563095,-0.8921455574720234,0.5498423875430128,283.3999938964844,False,False,"[0, 1, 0, 0]"
2022-02-18,294.20001220703125,295.54998779296875,293.70001220703125,294.20001220703125,294.20001220703125,17704725,-0.5581411908625553,-0.8921455574720234,0.6256167350584582,283.3999938964844,False,False,"[0, 1, 0, 0]"
2022-02-21,294.8999938964844,295.75,286.04998779296875,287.6000061035156,287.6000061035156,17167712,-1.0081544568954528,-1.0081544568954528,1.0,283.3999938964844,False,False,"[1, 0, 0, 0]"
2022-02-22,285.25,288.1000061035156,284.3500061035156,287.6000061035156,287.6000061035156,14596330,-1.2507706997155754,-1.2507706997155754,1.0,283.3999938964844,False,False,"[1, 0, 0, 0]"
2022-02-23,287.6499938964844,292.25,286.75,290.8500061035156,290.8500061035156,13842823,-1.1404180136485493,-1.2507706997155754,0.9117722488285661,283.3999938964844,False,True,"[1, 0, 0, 0]"
2022-02-24,285.8500061035156,287.3500061035156,278.8500061035156,279.6499938964844,279.6499938964844,24807025,-1.734182812111004,-1.734182812111004,1.0,278.8500061035156,False,False,"[1, 0, 0, 0]"
2022-02-25,280.29998779296875,288.3999938964844,279.20001220703125,286.54998779296875,286.54998779296875,22322138,-1.5790961106835446,-1.734182812111004,0.9105707308685215,278.8500061035156,False,True,"[1, 0, 0, 0]"
2022-02-28,285.25,289.95001220703125,283.1000061035156,289.75,289.75,28809655,-1.1952987874225363,-1.734182812111004,0.6892576601929935,278.8500061035156,False,True,"[1, 0, 0, 0]"
2022-03-01,289.3500061035156,293.6400146484375,283.95001220703125,283.95001220703125,283.95001220703125,22462044,-1.2599039753879473,-1.734182812111004,0.7265116264497389,278.8500061035156,False,False,"[1, 0, 0, 0]"
2022-03-02,283.6499938964844,286.8500061035156,277.4800109863281,282.6499938964844,282.6499938964844,34519806,-1.3121233629573488,-1.734182812111004,0.7566234388865345,277.4800109863281,False,False,"[1, 0, 0, 0]"
2022-03-03,281.6000061035156,283.54998779296875,277.75,281.3999938964844,281.3999938964844,24159569,-1.3476594984644843,-1.734182812111004,0.7771150129345311,277.4800109863281,False,False,"[1, 0, 0, 0]"
2022-03-04,280.5,281.5,275.3500061035156,275.3500061035156,275.3500061035156,26838109,-1.6741284349885321,-1.734182812111004,0.9653702154680174,275.3500061035156,False,False,"[1, 0, 0, 0]"
2022-03-07,272.20001220703125,276.70001220703125,264.3999938964844,272.79998779296875,272.79998779296875,35502104,-1.93865883265845,-1.93865883265845,1.0,264.3999938964844,False,False,"[1, 0, 0, 0]"
2022-03-08,267.3999938964844,274.3999938964844,264.3999938964844,266.04998779296875,266.04998779296875,38090212,-2.4141146460788963,-2.4141146460788963,1.0,264.3999938964844,False,False,"[1, 0, 0, 0]"
2022-03-09,269.5,275.79998779296875,268.5870056152344,274.79998779296875,274.79998779296875,26734246,-2.002174241623989,-2.4141146460788963,0.8293617061128402,264.3999938964844,False,True,"[1, 0, 0, 0]"
2022-03-10,274.1499938964844,278.29998779296875,271.04998779296875,274.1000061035156,274.1000061035156,23151672,-1.6541380463340247,-2.4141146460788963,0.6851944869398574,264.3999938964844,False,True,"[1, 0, 0, 0]"
2022-03-11,275.04998779296875,276.1499938964844,271.04998779296875,272.75,272.75,18570526,-1.4021133267918673,-2.4141146460788963,0.5807981526764842,264.3999938964844,False,True,"[1, 0, 0, 0]"
2022-03-14,273.25,276.95001220703125,269.8500061035156,276.95001220703125,276.95001220703125,16929410,-0.8660934016415274,-2.4141146460788963,0.3587623326208934,264.3999938964844,False,True,"[1, 0, 0, 0]"
2022-03-15,275.70001220703125,280.25,275.45001220703125,278.5,278.5,21868430,-0.3473141932075059,-2.4141146460788963,0.14386814386451274,264.3999938964844,False,True,"[1, 0, 0, 0]"
2022-03-16,281.1499938964844,282.0,277.20001220703125,277.6499938964844,277.6499938964844,58925183,-0.01890679524225014,-2.4141146460788963,0.007831771897394903,264.3999938964844,False,True,"[1, 0, 0, 0]"
2022-03-17,278.25,278.6000061035156,273.6499938964844,277.3999938964844,277.3999938964844,21003002,0.211297660678186,-2.4141146460788963,0.0,264.3999938964844,False,True,"[1, 0, 0, 0]"
2022-03-18,273.75,278.75,273.75,278.75,278.75,62267047,0.46950977607546207,-2.4141146460788963,0.0,264.3999938964844,False,True,"[1, 0, 0, 0]"
2022-03-21,278.8999938964844,280.0,276.95001220703125,277.3500061035156,277.3500061035156,18122847,0.555171964840639,-2.4141146460788963,0.0,264.3999938964844,False,True,"[1, 0, 0, 0]"
2022-03-22,278.70001220703125,279.45001220703125,277.3500061035156,279.0,279.0,10119922,0.7215703912259639,-2.4141146460788963,0.0,264.3999938964844,False,True,"[1, 0, 0, 0]"
2022-03-23,279.70001220703125,281.54998779296875,276.0,276.1000061035156,276.1000061035156,23790844,0.6378356561968848,-2.4141146460788963,0.0,264.3999938964844,False,False,"[1, 0, 0, 0]"
2022-03-24,275.70001220703125,277.1499938964844,274.25,275.04998779296875,275.04998779296875,23331398,0.5183191758745926,-2.4141146460788963,0.0,264.3999938964844,False,False,"[1, 0, 0, 0]"
2022-03-25,275.25,277.45001220703125,274.3999938964844,275.75,275.75,11965173,0.4931421452845921,-2.4141146460788963,0.0,264.3999938964844,False,False,"[1, 0, 0, 0]"
2022-03-28,276.8999938964844,281.75,276.2449951171875,280.25,280.25,23170081,0.7697974448203677,-2.4141146460788963,0.0,264.3999938964844,False,True,"[1, 0, 0, 0]"
2022-03-29,282.0,283.30499267578125,278.8999938964844,280.25,280.25,11669993,0.9321986664831448,-2.4141146460788963,0.0,264.3999938964844,False,True,"[1, 0, 0, 0]"
2022-03-30,281.1000061035156,282.8500061035156,277.4119873046875,282.8500061035156,282.8500061035156,15969975,1.1782759491691643,-2.4141146460788963,0.0,264.3999938964844,False,True,"[1, 0, 0, 0]"
2022-03-31,283.79998779296875,284.4330139160156,276.0,276.0,276.0,27239027,0.8581367641012001,-2.4141146460788963,0.0,264.3999938964844,False,False,"[1, 0, 0, 0]"
2022-04-01,276.79998779296875,279.79998779296875,276.5,279.0,279.0,15794754,0.8265347950932411,-2.4141146460788963,0.0,264.3999938964844,False,False,"[1, 0, 0, 0]"
2022-04-04,278.0,283.3999938964844,275.29998779296875,275.8999938964844,275.8999938964844,16375245,0.5862670160030374,-2.4141146460788963,0.0,264.3999938964844,False,False,"[1, 0, 0, 0]"
2022-04-05,276.29998779296875,276.5,270.8699951171875,274.70001220703125,274.70001220703125,17901666,0.34772568058229103,-2.4141146460788963,0.0,264.3999938964844,False,False,"[1, 0, 0, 0]"
2022-04-06,273.1000061035156,274.7909851074219,269.20001220703125,272.70001220703125,272.70001220703125,21349175,0.07092334122716393,-2.4141146460788963,0.0,264.3999938964844,False,False,"[1, 0, 0, 0]"
2022-04-07,273.79998779296875,273.93701171875,270.70001220703125,272.70001220703125,272.70001220703125,39952056,-0.0878761402572823,-2.4141146460788963,0.03640098054167159,264.3999938964844,True,False,"[0, 1, 0, 0]"
2022-04-08,274.0,274.0,269.1000061035156,271.29998779296875,271.29998779296875,16593150,-0.25353518452372104,-2.4141146460788963,0.10502201497991127,264.3999938964844,False,False,"[0, 1, 0, 0]"
2022-04-11,271.29998779296875,275.79998779296875,270.8999938964844,275.20001220703125,275.20001220703125,23094052,-0.07599495912944088,-2.4141146460788963,0.03147943253352735,264.3999938964844,False,True,"[0, 1, 0, 0]"
2022-04-12,272.3999938964844,273.20001220703125,269.1000061035156,270.6000061035156,270.6000061035156,30845024,-0.23492991087336623,-2.4141146460788963,0.09731514253266679,264.3999938964844,False,False,"[0, 1, 0, 0]"
2022-04-13,260.5,265.20001220703125,251.60899353027344,265.20001220703125,265.20001220703125,55899488,-0.6469472512985397,-2.4141146460788963,0.2679853056479061,251.60899353027344,False,False,"[0, 0, 1, 0]"
2022-04-14,265.29998779296875,266.29998779296875,260.6000061035156,266.29998779296875,266.29998779296875,21590115,-0.7797057116569004,-2.4141146460788963,0.32297791363112366,251.60899353027344,False,False,"[0, 0, 1, 0]"
2022-04-19,266.29998779296875,271.8999938964844,265.3999938964844,270.29998779296875,270.29998779296875,17932122,-0.5436208090498424,-2.4141146460788963,0.22518433825535733,251.60899353027344,False,True,"[0, 0, 0, 1]"
2022-04-20,271.6000061035156,271.6000061035156,264.3999938964844,266.5,266.5,26404476,-0.5852659674397622,-2.4141146460788963,0.24243503447128129,251.60899353027344,False,False,"[1, 0, 0, 0]"
2022-04-21,267.0,267.85198974609375,263.6000061035156,265.1000061035156,265.1000061035156,31134612,-0.644307897094059,-2.4141146460788963,0.26689200454525647,251.60899353027344,False,False,"[1, 0, 0, 0]"
2022-04-22,263.1000061035156,267.79998779296875,262.3999938964844,265.6000061035156,265.6000061035156,27395245,-0.588437031186873,-2.4141146460788963,0.24374858590193157,251.60899353027344,False,True,"[1, 0, 0, 0]"
2022-04-25,263.0,269.79998779296875,260.3909912109375,268.6000061035156,268.6000061035156,27170365,-0.30258456839921033,-2.4141146460788963,0.12533976747569986,251.60899353027344,False,True,"[1, 0, 0, 0]"
2022-04-26,269.79998779296875,273.0,266.8999938964844,270.20001220703125,270.20001220703125,21212383,0.023776357342048193,-2.4141146460788963,0.0,251.60899353027344,False,True,"[1, 0, 0, 0]"
2022-04-27,271.3999938964844,274.5,268.20001220703125,273.6000061035156,273.6000061035156,15917814,0.47323564823745246,-2.4141146460788963,0.0,251.60899353027344,False,True,"[1, 0, 0, 0]"
